-- phpMyAdmin SQL Dump
-- version 4.0.4
-- http://www.phpmyadmin.net
--
-- Servidor: localhost
-- Tiempo de generación: 14-10-2013 a las 14:51:46
-- Versión del servidor: 5.6.12-log
-- Versión de PHP: 5.4.12

SET SQL_MODE = "NO_AUTO_VALUE_ON_ZERO";
SET AUTOCOMMIT = 0;
START TRANSACTION;
SET time_zone = "+00:00";


/*!40101 SET @OLD_CHARACTER_SET_CLIENT=@@CHARACTER_SET_CLIENT */;
/*!40101 SET @OLD_CHARACTER_SET_RESULTS=@@CHARACTER_SET_RESULTS */;
/*!40101 SET @OLD_COLLATION_CONNECTION=@@COLLATION_CONNECTION */;
/*!40101 SET NAMES utf8 */;


--
-- Volcado de datos para la tabla `tipo_profesor`
--
INSERT INTO `tipo_profesor` (`ID_TIPO_PROFESOR`, `TIPO_PROFESOR`) VALUES
(1, 'Por hora'),
(2, 'Jornada completa'),
(3, 'Media jornada');


--
-- Volcado de datos para la tabla `tipo_user`
--
INSERT INTO `tipo_user` (`ID_TIPO`, `NOMBRE_TIPO`) VALUES
(4, 'ayudante'),
(2, 'coordinador'),
(3, 'estudiante'),
(1, 'profesor');


--
-- Volcado de datos para la tabla `carrera`
--
INSERT INTO `carrera` (`COD_CARRERA`, `NOMBRE_CARRERA`, `DESCRIPCION_CARRERA`) VALUES
(1340, 'INGENIERÍA EN BIOTECNOLOGÍA', 'INGENIERÍA EN BIOTECNOLOGÍA'),
(1341, 'INGENIERÍA AMBIENTAL', 'INGENIERÍA AMBIENTAL'),
(1349, 'INGENIERÍA DE EJECUCIÓN EN CLIMATIZACIÓN', 'INGENIERÍA DE EJECUCIÓN EN CLIMATIZACIÓN'),
(1351, 'INGENIERÍA DE EJECUCIÓN EN ELECTRICIDAD', 'INGENIERÍA DE EJECUCIÓN EN ELECTRICIDAD'),
(1352, 'INGENIERÍA DE EJECUCIÓN EN GEOMENSURA', 'INGENIERÍA DE EJECUCIÓN EN GEOMENSURA'),
(1353, 'INGENIERÍA DE EJECUCIÓN EN COMPUTACIÓN E INFORMÁTICA', 'INGENIERÍA DE EJECUCIÓN EN COMPUTACIÓN E INFORMÁTICA'),
(1354, 'INGENIERÍA DE EJECUCIÓN EN INDUSTRIA', 'INGENIERÍA DE EJECUCIÓN EN INDUSTRIA'),
(1355, 'INGENIERÍA DE EJECUCIÓN EN MECÁNICA', 'INGENIERÍA DE EJECUCIÓN EN MECÁNICA'),
(1356, 'INGENIERÍA DE EJECUCIÓN EN METALURGIA', 'INGENIERÍA DE EJECUCIÓN EN METALURGIA'),
(1357, 'INGENIERÍA DE EJECUCIÓN EN MINAS', 'INGENIERÍA DE EJECUCIÓN EN MINAS'),
(1359, 'INGENIERÍA DE EJECUCIÓN EN QUÍMICA', 'INGENIERÍA DE EJECUCIÓN EN QUÍMICA'),
(1361, 'INGENIERÍA CIVIL EN ELECTRICIDAD', 'INGENIERÍA CIVIL EN ELECTRICIDAD'),
(1362, 'INGENIERÍA CIVIL EN GEOGRAFÍA', 'INGENIERÍA CIVIL EN GEOGRAFÍA'),
(1363, 'INGENIERÍA CIVIL EN INFORMÁTICA', 'INGENIERÍA CIVIL EN INFORMÁTICA'),
(1364, 'INGENIERÍA CIVIL EN INDUSTRIA', 'INGENIERÍA CIVIL EN INDUSTRIA'),
(1365, 'INGENIERÍA CIVIL EN MECÁNICA', 'INGENIERÍA CIVIL EN MECÁNICA'),
(1366, 'INGENIERÍA CIVIL EN METALURGIA', 'INGENIERÍA CIVIL EN METALURGIA'),
(1367, 'INGENIERÍA CIVIL EN MINAS', 'INGENIERÍA CIVIL EN MINAS'),
(1368, 'INGENIERÍA CIVIL EN OBRAS CIVILES', 'INGENIERÍA CIVIL EN OBRAS CIVILES'),
(1369, 'INGENIERÍA CIVIL EN QUÍMICA', 'INGENIERÍA CIVIL EN QUÍMICA'),
(5352, 'BACHILLERATO ING. EJEC. GEOMENSURA', 'BACHILLERATO ING. EJEC. GEOMENSURA'),
(5357, 'BACHILLERATO ING. EJEC. MINAS', 'BACHILLERATO ING. EJEC. MINAS'),
(5367, 'BACHILLERATO ING. CIVIL. MINAS', 'BACHILLERATO ING. CIVIL. MINAS'),
(5368, 'BACHILLERATO ING. CIVIL. OBRAS CIVILES', 'BACHILLERATO ING. CIVIL. OBRAS CIVILES');


--
-- Volcado de datos para la tabla `modulo_horario`
--
INSERT INTO `modulo_horario` (`ID_MODULO`, `HORA_INI`, `HORA_FIN`) VALUES
(1, '08:00:00', '09:30:00'),
(2, '09:40:00', '11:10:00'),
(3, '11:20:00', '12:50:00'),
(4, '13:50:00', '15:20:00'),
(5, '15:30:00', '17:00:00'),
(6, '17:10:00', '18:40:00'),
(7, '19:00:00', '20:10:00'),
(8, '20:20:00', '22:00:00'),
(9, '22:00:00', '23:00:00');


--
-- Volcado de datos para la tabla `dia_horario`
--
INSERT INTO `dia_horario` (`ID_DIA`, `NOMBRE_DIA`, `ABREVIATURA_DIA`) VALUES
(1, 'Lunes', 'L'),
(2, 'Martes', 'M'),
(3, 'Miercoles', 'W'),
(4, 'Jueves', 'J'),
(5, 'Viernes', 'V'),
(6, 'Sabado', 'S'),
(7, 'Domingo', 'D');


--
-- Volcado de datos para la tabla `horario`
--
INSERT INTO `horario` (`ID_HORARIO`, `ID_MODULO`, `ID_DIA`) VALUES
(1, 1, 1),
(2, 2, 1),
(3, 3, 1),
(4, 4, 1),
(5, 5, 1),
(6, 6, 1),
(7, 7, 1),
(8, 8, 1),
(9, 9, 1),
(10, 1, 2),
(11, 2, 2),
(12, 3, 2),
(13, 4, 2),
(14, 5, 2),
(15, 6, 2),
(16, 7, 2),
(17, 8, 2),
(18, 9, 2),
(19, 1, 3),
(20, 2, 3),
(21, 3, 3),
(22, 4, 3),
(23, 5, 3),
(24, 6, 3),
(25, 7, 3),
(26, 8, 3),
(27, 9, 3),
(28, 1, 4),
(29, 2, 4),
(30, 3, 4),
(31, 4, 4),
(32, 5, 4),
(33, 6, 4),
(34, 7, 4),
(35, 8, 4),
(36, 9, 4),
(37, 1, 5),
(38, 2, 5),
(39, 3, 5),
(40, 4, 5),
(41, 5, 5),
(42, 6, 5),
(43, 7, 5),
(44, 8, 5),
(45, 9, 5),
(46, 1, 6),
(47, 2, 6),
(48, 3, 6),
(49, 4, 6),
(50, 5, 6),
(51, 6, 6),
(52, 7, 6),
(53, 8, 6),
(54, 9, 6),
(55, 1, 7),
(56, 2, 7),
(57, 3, 7),
(58, 4, 7),
(59, 5, 7),
(60, 6, 7),
(61, 7, 7),
(62, 8, 7),
(63, 9, 7);


--
-- Volcado de datos para la tabla `sala`
--
INSERT INTO `sala` (`ID_SALA`, `NUM_SALA`, `UBICACION`, `CAPACIDAD`) VALUES
(1, 711, 'MALL', 30),
(2, 712, 'MALL', 30),
(3, 565, 'EAO', 25),
(4, 564, 'EAO', 30),
(6, 254, 'CITECAMP', 40),
(7, 425, 'INDUSTRIA', 30);


--
-- Volcado de datos para la tabla `modulo_tematico`
--
INSERT INTO `modulo_tematico` (`ID_MODULO_TEM`, `NOMBRE_MODULO`, `DESCRIPCION_MODULO`) VALUES
(3, 'Estrategia y Habilidades Comunicacionales', 'Estrategia y Habilidades Comunicacionales'),
(4, 'Comunicación No Verbal', 'Comunicación No Verbal'),
(5, 'Comunicación y Cultura', 'Comunicación y Cultura');


--
-- Volcado de datos para la tabla `sesion_de_clase`
--
INSERT INTO `sesion_de_clase` (`ID_SESION`, `ID_MODULO_TEM`, `NOMBRE_SESION`, `DESCRIPCION_SESION`) VALUES
(7, 4, 'No verbal clase 1', 'No verbal clase 1'),
(8, 4, 'No verbal clase 2', 'No verbal clase 2'),
(9, 4, 'No verbal clase 3', 'No verbal clase 3'),
(10, 4, 'No verbal clase 4', 'No verbal clase 4'),
(11, 4, 'No verbal clase 5', 'No verbal clase 5'),
(12, 3, 'Estrategias clase 1', 'Estrategias clase 1'),
(13, 3, 'Estrategias clase 2', 'Estrategias clase 2'),
(14, 3, 'Estrategias clase 3', 'Estrategias clase 3'),
(15, 3, 'Estrategias clase 4', 'Estrategias clase 4'),
(16, 3, 'Estrategias clase 5', 'Estrategias clase 5'),
(17, 5, 'Cultura clase 1', 'Cultura clase 1'),
(18, 5, 'Cultura clase 2', 'Cultura clase 2'),
(19, 5, 'Cultura clase 3', 'Cultura clase 3'),
(20, 5, 'Cultura clase 4', 'Cultura clase 4'),
(21, 5, 'Cultura clase 5', 'Cultura clase 5');


--
-- Volcado de datos para la tabla `seccion`
--
INSERT INTO `seccion` (`ID_SECCION`, `ID_SESION`, `ID_HORARIO`, `LETRA_SECCION`, `NUMERO_SECCION`) VALUES
(2, 12, 20, 'A', 2),
(3, NULL, 20, 'B', 1),
(4, NULL, 29, 'B', 2),
(5, NULL, 29, 'C', 1),
(6, NULL, 29, 'C', 2),
(7, NULL, 29, 'C', 3),
(8, NULL, 29, 'C', 4),
(9, NULL, 30, 'D', 1),
(10, NULL, 30, 'D', 2),
(11, NULL, 30, 'D', 3),
(12, NULL, 30, 'D', 4),
(13, NULL, 23, 'E', 1),
(14, NULL, 23, 'E', 2),
(15, NULL, 23, 'E', 3),
(16, NULL, 23, 'E', 4),
(17, NULL, 24, 'F', 1),
(18, NULL, 24, 'F', 2),
(19, NULL, 24, 'F', 3),
(20, NULL, 32, 'G', 1),
(21, NULL, 32, 'G', 2),
(22, NULL, 33, 'H', 1),
(23, NULL, 33, 'H', 2),
(24, 7, 20, 'A', 1);


--
-- Volcado de datos para la tabla `usuario`
--
INSERT INTO `usuario` (`RUT_USUARIO`, `ID_TIPO`, `PASSWORD_PRIMARIA`, `PASSWORD_TEMPORAL`, `CORREO1_USER`, `CORREO2_USER`, `VALIDEZ`, `NOMBRE1`, `NOMBRE2`, `APELLIDO1`, `APELLIDO2`, `TELEFONO`, `LOGUEABLE`) VALUES
(6784536, 1, 'd7ad5616fff18d1fd910e7c8d7c3bf52', NULL, 'pobletezapata@gmail.com', NULL, '2013-10-09 13:58:33', 'Roberto', NULL, 'Poblete', 'Zapata', 11111111, 1),
(7387515, 1, '713bdd662def3b2e0c15ac4582ae03ef', NULL, 'cereyes@u.uchile.cl', NULL, '2013-10-09 13:11:35', 'Cecilia', NULL, 'Reyes', 'Madriaza', NULL, 1),
(8408132, 1, '30ff10ae2416a3e13ceaee94adcdba4e', NULL, 'dmolina@puntonorte.cl', NULL, '2013-10-09 13:09:32', 'Daniel', NULL, 'Molina', 'Pavez', NULL, 1),
(9218017, 1, 'fd2948aa6bc94fe0c0b0a9d09cb405d2', NULL, 'eliana.covarrubias@usach.cl', NULL, '2013-10-09 13:06:24', 'Eliana', 'Berta', 'Covarrubias', 'Gatica', NULL, 1),
(10203469, 1, 'e10c629e90c0dcfb2a0a4cf36aad3305', NULL, 'claudio.agurto@puntonorte.cl', NULL, '2013-10-09 13:02:33', 'Claudio', 'Andres', 'Agurto', 'Spencer', NULL, 1),
(10441662, 1, '5950591aa20bc83421d6c8f7a455531b', NULL, 'caterina.alessandrini@gmail.com', NULL, '2013-10-09 13:13:17', 'Caterina', NULL, 'Alessandrini', 'Szorenyi', NULL, 1),
(12112181, 3, 'decbe18bb706aab22bed67a6615e2968', NULL, NULL, NULL, '2013-10-26 00:28:44', 'MARIO', 'IVÁN', 'MALDONADO', 'ÁVALOS', NULL, 0),
(12248027, 1, 'eadf2d82fdbad8d153d49a70f632c0b8', NULL, 'eottoner@u.uchile.cl', NULL, '2013-10-09 13:04:03', 'Ernesto', NULL, 'Ottone', 'Ramirez', NULL, 1),
(12446856, 1, 'be36d515790911a7fedb3d95aff99a7a', NULL, 'mcrojas3@uc.cl', NULL, '2013-10-09 13:10:37', 'Maria', 'Cristina', 'Rojas', 'Gonzalez', NULL, 1),
(12677293, 1, 'e4758c639be5462a5af92d2242301610', NULL, 'aleibarra.a@gmail.com', NULL, '2013-10-09 13:12:19', 'Alejandra', NULL, 'Ibarra', 'Arriagada', NULL, 1),
(13891495, 1, 'a067fc74a79bb6a5cbb1345ecf0513dc', NULL, 'marianamilos@gmail.com', NULL, '2013-10-09 13:07:07', 'Mariana', NULL, 'Milos', 'Montes', NULL, 1),
(14744906, 3, '66fad7d932e3eba1f25e3351ed417c03', NULL, 'roggervm@gmail.com', NULL, '2013-10-26 00:28:47', 'ROGGER', 'ANTONIO', 'VERA', 'MORAN', NULL, 0),
(14746153, 3, 'bc533b530eb0fd243f93617d4db14248', NULL, 'ynfro14@gmail.com', NULL, '2013-10-26 00:28:46', 'JOHANS', 'SANTOS', 'DEL VALLE', 'OBREGON', NULL, 0),
(14757728, 3, '239c78db03e613676be69f9a39e01945', NULL, 'ctre.christian@gmail.com', NULL, '2013-10-26 00:28:57', 'CHRISTIAN', NULL, 'STREINESBERG', 'BAYONA', NULL, 0),
(15462855, 3, 'c7029bab901b6ec8c63dbdd3142d83e0', NULL, 'efrain.rodriguez@usach.cl', NULL, '2013-10-26 00:28:59', 'EFRAIN', 'RIGOBERTO', 'RODRIGUEZ', 'ULLOA', NULL, 0),
(15783074, 3, '86f93677179e7fd591a71c8b67af0925', NULL, 'morfo_man@hotmail.com', NULL, '2013-10-26 00:28:45', 'ALEXANDER', 'SEBASTIAN', 'ZAMORA', 'GAUNA', NULL, 0),
(16125230, 1, 'eadf2d82fdbad8d153d49a70f632c0b8', NULL, 'guerra.espinozacarlos@hotmail.com', NULL, '2013-10-09 13:05:21', 'Carlos', 'Alberto', 'Guerra', 'Espinoza', NULL, 1),
(16147123, 3, '59acfc89f5fa81bde7e8e0b41d054bae', NULL, 'sebastian.sepulvedab@usach.cl', NULL, '2013-10-26 00:28:46', 'SEBASTIÁN', 'ALEJANDRO', 'SEPULVEDA', 'BUSTOS', NULL, 0),
(16240076, 1, '20dee2d0600533dc6d21ac2d8020a506', NULL, 'capinojtamara@gmail.com', NULL, '2013-10-09 13:08:46', 'Andrea', 'Tamara', 'Capino', 'Jorquera', NULL, 1),
(16357179, 3, 'a349510c1c995e57b8c84f2703267837', NULL, 'heim.franz@gmail.com', NULL, '2013-10-26 00:28:46', 'JOSÉPH', 'FRANZ', 'HEIM', 'PEÑA', NULL, 0),
(16387103, 3, '95726538bf954222f3edcca3c4268a9e', NULL, 'william.rehel@gmail.com', NULL, '2013-10-26 00:28:45', 'WILLIAM', 'ALBERTO', 'REHEL', 'RIFO', NULL, 0),
(16387322, 3, '225f9bfba35455a5b2061d088ee006df', NULL, 'hector.wevar@usach.cl', NULL, '2013-10-26 00:28:52', 'HÉCTOR', 'ROLANDO', 'WEVAR', 'PUNOÑANCO', NULL, 0),
(16390673, 3, 'ba263c586efc380d817ee22988d618ef', NULL, 'matias.casas@hotmail.es', NULL, '2013-10-26 00:28:58', 'MATÍAS', 'MIGUEL ÁNGEL', 'CASAS', 'BAÑARES', NULL, 0),
(16471610, 3, '5824807d9407120d04316ab71b938822', NULL, 'c_astrometallero@gmail.com', NULL, '2013-10-26 00:28:53', 'CLAUDIO', 'ANDRÉS', 'CASTRO', 'FARIAS', NULL, 0),
(16476924, 3, '8c0085c01ac89b5362813c6b01f51af9', NULL, 'paulofierro.s@gmail.com', NULL, '2013-10-26 00:28:58', 'PAULO', 'ANDRÉS', 'FIERRO', 'SAGREDO', NULL, 0),
(16523101, 3, '559b9366095d5887538b00dd204b8b52', NULL, 'joserag666@hotmail.com', NULL, '2013-10-26 00:28:48', 'JOSÉ', 'ROBERTO', 'ARANCIBIA', 'GONZALEZ', NULL, 0),
(16543640, 3, 'ec8824fcdc8dc4ffc0d0d61e0ea8f1aa', NULL, 'kisulove_neko@hotmail.com', NULL, '2013-10-26 00:28:49', 'TAMMY', 'LESLIE', 'VEGA', 'CARDENAS', NULL, 0),
(16639041, 3, 'e48e2c9387b0296d28875e0158fa66f1', NULL, 'manuel.farias.09@gmail.com', NULL, '2013-10-26 00:28:51', 'MANUEL', 'ARIEL', 'FARIAS', 'CARMONA', NULL, 0),
(16681267, 3, 'd14a8cdeb5e338c21104f01622b88e2f', NULL, 'fernando.riveros@usach.cl', NULL, '2013-10-26 00:28:56', 'FERNANDO', 'ANDRÉS', 'RIVEROS', 'MIRANDA', NULL, 0),
(16724573, 3, '469769675a453b00b861a99aeb0f8e55', NULL, 'podersinlimites87@gmail.com', NULL, '2013-10-26 00:28:56', 'JUAN', 'ALEX', 'ORTEGA', 'ALBORNOZ', NULL, 0),
(16817059, 3, 'd997350a6b58a1e2c25158acf53fb11b', NULL, 'maria.tapiam@usach.cl', NULL, '2013-10-26 00:28:59', 'MARÍA', 'SOLEDAD', 'TAPIA', 'MEDINA', NULL, 0),
(16840620, 3, 'ceeabf338bd3fb464c5bc92dd6385325', NULL, 'amazing_sp07@hotmail.com', NULL, '2013-10-26 00:28:53', 'NATALIA', 'VALESKA', 'ROJAS', 'TAMAYO', NULL, 0),
(16915876, 3, '2da141c27cac631c7bb29886f3e8dc92', NULL, 'paulo.reyes@usach.cl', NULL, '2013-10-26 00:28:51', 'PAULO', 'CÉSAR', 'REYES', 'HERNÁNDEZ', NULL, 0),
(16936865, 3, 'd2bdfa0f96acbbf29b51cb8419014bdd', NULL, 'alberto.seele01@hotmail.cl', NULL, '2013-10-26 00:28:59', 'GABRIEL', 'ALBERTO', 'ASTETE', 'NÚÑEZ', NULL, 0),
(16951820, 3, 'ea4a69eed73dab2c419d7926364a46ca', NULL, 'jocelyn.carolina@live.com', NULL, '2013-10-26 00:28:59', 'JOCELYN', 'CAROLINA', 'PARDO', 'FLORES', NULL, 0),
(16979307, 3, '0409e85c1c3f5c10cc45156e407c8c78', NULL, 'dramery@hotmail.com', NULL, '2013-10-26 00:28:56', 'VICTOR', 'MANUEL', 'ROBLES', 'FERNANDEZ', NULL, 0),
(16987293, 3, '2b717c1f85e77532b54066244610f19a', NULL, 'daimon.irribarra@usach.cl', NULL, '2013-10-26 00:28:57', 'DAIMON', 'AQUILES', 'IRRIBARRA', 'BARRIA', NULL, 0),
(17082520, 3, '6e07afe6a976d533b9de9324ebd8ba4a', NULL, 'seba_chuncho@hotmail.com', NULL, '2013-10-26 00:28:50', 'SEBASTIÁN', 'JOSÉ', 'ZULETA', 'SILVA', NULL, 0),
(17089440, 3, '356a60b990c4d17b6afb5f959b897f0e', NULL, 'sebastian-quiroz@hotmail.com', NULL, '2013-10-26 00:28:52', 'SEBASTIÁN', 'ABRAHAM', 'QUIROZ', 'DURAN', NULL, 0),
(17089895, 3, '22893951fcf5b1c5b0114e08125a1c5d', NULL, 'cristobal_bolbaran@hotmail.com', NULL, '2013-10-26 00:28:49', 'CRISTOBAL', 'ANTONIO', 'BOLBARAN', 'CASTILLO', NULL, 0),
(17116106, 3, 'd7b0f0defb85c9e4ed4b1a776aa590f0', NULL, 'eithel@hotmail.cl', NULL, '2013-10-26 00:28:56', 'EITHEL', 'KLAUSS PATRICIO', 'GONZALEZ', 'ROJAS', NULL, 0),
(17139441, 3, 'fd57e8751c4626f58ed581983c727f60', NULL, 'slash_2019@hotmail.com', NULL, '2013-10-26 00:28:46', 'MAURICIO', 'NICOLÁS', 'NUÑEZ', 'PÉREZ', NULL, 0),
(17149207, 3, 'ec5cd9b8bb9900e915cbfe2381eccf65', NULL, 'barahona.eliseo@gmail.com', NULL, '2013-10-26 00:28:51', 'ELISEO', 'ESTEBAN', 'BARAHONA', 'GONZÁLEZ', NULL, 0),
(17152959, 3, 'a3c23c252fc5de9b8b8323bbe25ee967', NULL, 'roherrep@gmail.com', NULL, '2013-10-26 00:28:55', 'RODRIGO', 'HERNAN', 'HERRERA', 'PINO', NULL, 0),
(17170105, 3, 'af1ec392a883170ae23689d69e2c710a', NULL, 'rfuentealbaparedes@gmail.com', NULL, '2013-10-26 00:28:48', 'RENATO', 'RODRIGO', 'FUENTEALBA', 'PAREDES', NULL, 0),
(17189787, 3, 'b3316e6d1da2206a1d00219054420126', NULL, 'terransito@live.cl', NULL, '2013-10-26 00:28:44', 'PABLO', 'ANDRÉS', 'VÁSQUEZ', 'POLANCO', NULL, 0),
(17206406, 3, '34955642d7cae0bf4028592f61721c5d', NULL, 'christopher.santander@usach.cl', NULL, '2013-10-26 00:28:44', 'CHRISTOPHER', 'ANDRÉS', 'SANTANDER', 'MELLA', NULL, 0),
(17218888, 3, '7030fd8b053500b9e30624dd513a01aa', NULL, 'walterks@gmail.com', NULL, '2013-10-26 00:28:52', 'WALTER', 'GERMAN', 'KRAUSE', 'SOTO', NULL, 0),
(17234761, 3, '2bfe45cffa16556167b14b3eff56ed70', NULL, 'sonorfeo@gmail.com', NULL, '2013-10-26 00:28:47', 'FRANCISCO', 'JAVIER', 'LOPEZ', 'RUBIO', NULL, 0),
(17239596, 3, '9bdb8d75f8bb4411f43540149b08deaf', NULL, 'seba.abarca06@gmail.com', NULL, '2013-10-26 00:28:46', 'SEBASTIÁN', 'ENRIQUE', 'ABARCA', 'GONZÁLEZ', NULL, 0),
(17242754, 4, '806b825fabc803278d5d44c4e02a5f74', NULL, 'alex.ahumada@usach.cl', NULL, '2013-09-15 22:18:50', 'ALEX', 'PATRICIO', 'AHUMADA', 'AHUMADA', 22222222, 0),
(17251459, 3, 'c1896b9bfded88e28522b532534b1aa8', NULL, 'duxlion@gmail.com', NULL, '2013-10-26 00:28:52', 'FABIÁN', 'ALONSO', 'GALLEGUILLO', 'SANDOVAL', NULL, 0),
(17275330, 3, '6c95e32e20168dc819f546480f9a8960', NULL, 'cesar.oyaneder@gmail.com', NULL, '2013-10-26 00:28:47', 'CÉSAR', 'ANDRÉS', 'OYANEDER', 'ESPINOZA', NULL, 0),
(17284681, 3, '8a51f0f9927befe9a542e3976d268bfa', NULL, 'rolando.reyesh@usach.cl', NULL, '2013-10-26 00:28:59', 'ROLANDO', 'ANDRÉS', 'REYES', 'HERNÁNDEZ', NULL, 0),
(17301438, 3, '95fa3580213f6747463fc63208ebf2bc', NULL, 'alvic65@hotmail.com', NULL, '2013-10-26 00:28:49', 'ALDO', 'MANUEL', 'CASSI', 'VICENCIO', NULL, 0),
(17308523, 3, 'cd475ed060c3a790a92d14d9780ac3d9', NULL, 'esteban.ramirez.barboza@gmail.com', NULL, '2013-10-26 00:28:46', 'ESTEBAN', 'EDUARDO', 'RAMIREZ', 'BARBOZA', NULL, 0),
(17312162, 3, '05c29003b697050491aaf4db5aca4981', NULL, 'hugo.sepulveda.mu@gmail.com', NULL, '2013-10-26 00:28:52', 'HUGO', 'DANIEL', 'SEPÚLVEDA', 'MUÑOZ', NULL, 0),
(17315214, 3, '4930d6fe06f5ff130e769b71d4053e46', NULL, 'eder.p@msn.com', NULL, '2013-10-26 00:28:54', 'FRANCO', 'EDER', 'PÉREZ', 'ÁLVAREZ', NULL, 0),
(17316263, 3, 'cd28a19550c00d0f5eb7c3438a2638fa', NULL, 'rockayala@hotmail.com', NULL, '2013-10-26 00:28:56', 'MAURICIO', 'ANDRÉS', 'AYALA', 'MENDOZA', NULL, 0),
(17317312, 3, 'b6e90247878c24f623aa2c7f42fd70f3', NULL, 's.monroy14@gmail.com', NULL, '2013-10-26 00:28:58', 'SUSANA', 'RAQUEL', 'MONROY', 'BARRA', NULL, 0),
(17317816, 3, '14eb7e59bc43ef291b93c702fea91f49', NULL, 'allizon.cordova@usach.cl', NULL, '2013-10-26 00:28:58', 'ALLIZON', 'ANDREA', 'CORDOVA', 'ACUÑA', NULL, 0),
(17318591, 3, '714c9229373c979416987dea06038a41', NULL, 'isaac.ciudad@gmail.com', NULL, '2013-10-26 00:28:45', 'ISAAC', 'ALEXANDER', 'CIUDAD', 'NIEVA', NULL, 0),
(17318610, 3, '2d34970038bf98659cd889941473fca3', NULL, 'cloud_18elect@live.cl', NULL, '2013-10-26 00:28:44', 'CLAUDIO', 'ANDRES', 'GUTIERREZ', 'RAMOS', NULL, 0),
(17319119, 3, '33279ffe58342aa43eac881ccf2c0c76', NULL, 'jose.hernandezre@usach.cl', NULL, '2013-10-26 00:28:45', 'JOSÉ', 'MIGUEL', 'HERNANDEZ', 'REYES', NULL, 0),
(17325234, 3, '077d58d703c247cc878a8fdb393a662a', NULL, 'kokeland.1@gmail.com', NULL, '2013-10-26 00:28:48', 'JORGE', 'ALEJANDRO', 'ÑANCUPIL', 'SALAS', NULL, 0),
(17366091, 3, 'fda6abbbef6793318a5e70ffc4fb79ff', NULL, 'sebastian_lnc@hotmail.com', NULL, '2013-10-26 00:28:52', 'SEBASTIÁN', 'LEONARDO', 'NEIRA', 'CORREA', NULL, 0),
(17411640, 3, 'bf9148b71cec5b8c83ad39d705da7eff', NULL, 'rpino.89@gmail.com', NULL, '2013-10-26 00:28:50', 'RODRIGO', 'DAVID', 'PINO', 'ORTEGA', NULL, 0),
(17418986, 3, '472e75c8c396ef878a117dce2840bb45', NULL, 'tamyvera@live.cl', NULL, '2013-10-26 00:28:50', 'TAMARA', 'ALEJANDRA', 'VERA', 'GONZALEZ', NULL, 0),
(17419076, 3, '8a83cbaddfdfcadf468f3743fd0b778d', NULL, 'cejistofer@hotmail.com', NULL, '2013-10-26 00:28:51', 'CHRISTOPHER', 'ARNALDO', 'YÁÑEZ', 'LAGOS', NULL, 0),
(17429438, 3, '136162ad1a6adc9023342c121da9d242', NULL, 'danilo.tapia@usach.cl', NULL, '2013-10-26 00:28:44', 'DANILO', 'ANDRÉS', 'TAPIA', 'AVENDAÑO', NULL, 0),
(17463391, 3, '50aba5ec14bde7a6fa0c288afc5fb3ab', NULL, 'daly_dcfv17@hotmail.com', NULL, '2013-10-26 00:28:58', 'DALILA', 'CECILIA', 'FIGUEROA', 'VENEGAS', NULL, 0),
(17485285, 3, 'c44047de04a70970bdaea29c44f8b780', NULL, 'lapalipilopito@gmail.com', NULL, '2013-10-26 00:28:52', 'DIEGO', 'ALEXANDER', 'LABARCA', 'ARCE', NULL, 0),
(17488575, 3, '362175bbc3eba2f31e93dfd1e6b5a0aa', NULL, 'leonardo.salinas@usach.cl', NULL, '2013-10-26 00:28:54', 'LEONARDO', 'ESTEBAN', 'SALINAS', 'REYES', NULL, 0),
(17489921, 3, '2e42ca33e9a52df54d0fc21d883b9127', NULL, 'gustavo.paredes@usach.cl', NULL, '2013-10-26 00:28:52', 'GUSTAVO', 'SALVADOR', 'PAREDES', 'ESCORZA', NULL, 0),
(17506977, 3, 'c534b93e5bb1a38c77e8463a901adb8b', NULL, 'rodrii.igo__@hotmail.com', NULL, '2013-10-26 00:28:57', 'RODRIGO', 'BENJAMÍN', 'NÚÑEZ', 'SILVA', NULL, 0),
(17516963, 3, '347a8ac730ba1bf0e0cffa96f95b60bb', NULL, 'valentinaa.ortiz@gmail.com', NULL, '2013-10-26 00:28:58', 'VALENTINA', 'ALEJANDRA', 'ORTIZ', 'VALDÉS', NULL, 0),
(17519347, 3, 'f2be90bcf8ea3318adca5c83e9234532', NULL, 'c.a.m.1.l.o@hotmail.com', NULL, '2013-10-26 00:28:47', 'CAMILO', 'ANTONIO', 'CEPEDA', 'UGALDE', NULL, 0),
(17521641, 3, '09a91a4fff9d3621cff3b913487786b4', NULL, 'manolo_unl@hotmail.com', NULL, '2013-10-26 00:28:45', 'MANUEL', 'HUMBERTO', 'ORTIZ', 'ACOSTA', NULL, 0),
(17523497, 3, '4a20d8a9d8bf6314aaf91a001a634c88', NULL, 'cavenpino@hotmail.com', NULL, '2013-10-26 00:28:58', 'CAMILA', 'ALEXANDRA', 'AVENDAÑO', 'PINO', NULL, 0),
(17525264, 3, '93b7d12065455d555874b6463ecd5458', NULL, 'ayrton.aranguiz@usach.cl', NULL, '2013-10-26 00:28:51', 'AYRTON', 'CÉSAR', 'ARÁNGUIZ', 'GUTIÉRREZ', NULL, 0),
(17527493, 3, 'abf775b019bda5c7381980f017f8723c', NULL, 'carlos.silvav@usach.cl', NULL, '2013-10-26 00:28:59', 'CARLOS', 'FRANCISCO', 'SILVA', 'VALDIVIA', NULL, 0),
(17545814, 3, '271fc924f3a4c262dfe29003a11bbf99', NULL, 'redelcan@gmail.com', NULL, '2013-10-26 00:28:58', 'ROBERTO', 'ENRIQUE', 'DEL CANTO', 'SOTO', NULL, 0),
(17546763, 3, 'd576329d01ad1f7a051c469b71c47817', NULL, 'nicolcita_sd@hotmail.com', NULL, '2013-10-26 00:28:51', 'JEANETTE', 'NICOLE', 'SOTO', 'DEPO', NULL, 0),
(17565600, 3, '2786b8809846a3aed0e73bb4677b06cc', NULL, 'seba.duran@hotmail.cl', NULL, '2013-10-26 00:28:47', 'SEBASTIÁN', 'ANDRE', 'DURÁN', 'ROCHA', NULL, 0),
(17565743, 2, '202cb962ac59075b964b07152d234b70', '8969a3761653f678f117e13dee887df1', 'victor.floress@usach.cl', NULL, '2013-10-07 06:34:48', 'VÍCTOR', 'MANUEL', 'FLORES', 'SANCHEZ', 92656442, 1),
(17585951, 3, 'acd2690d31a5589281d91a8917bc7a2c', NULL, 'e.toledo.munoz@hotmail.com', NULL, '2013-10-26 00:28:57', 'EDUARDO', 'JAVIER', 'TOLEDO', 'MUÑOZ', NULL, 0),
(17596366, 3, '35090e52b866094bfe80b02bc8bed78c', NULL, 'andro.bertini@usach.cl', NULL, '2013-10-26 00:28:56', 'ANDRO', NULL, 'BERTINI', 'ROJAS', NULL, 0),
(17597736, 3, '54b01b0f9be252fc8f82c0f70a5a10a5', NULL, 'priskatrina08@gmail.com', NULL, '2013-10-26 00:28:57', 'PRISCILA', 'ANDREA', 'RÍOS', 'ESPARZA', NULL, 0),
(17600068, 3, 'f9333f6607c7f676332e18b03f2b55b2', NULL, 'ronald.vargas.st@gmail.com', NULL, '2013-10-26 00:28:52', 'RONALD', 'ESTABROS', 'VARGAS', 'HUENULAO', NULL, 0),
(17642325, 3, 'd7a02c614d2b99dbcebeceffb9f21c1c', NULL, 'diegogonzalez@hotmail.cl', NULL, '2013-10-26 00:28:44', 'DIEGO', 'IGNACIO', 'GONZÁLEZ', 'ARCE', NULL, 0),
(17651162, 3, '28de85c54298192d66e8b0844c849050', NULL, 'jose_erased@hotmail.com', NULL, '2013-10-26 00:28:51', 'JOSÉ', 'GUILLERMO', 'FERIZ', 'TORRES', NULL, 0),
(17656843, 3, '861589ed12f9b4e5997507db57f819bd', NULL, 'roberto.benitez@usach.cl', NULL, '2013-10-26 00:28:56', 'ROBERTO', 'ANDRÉS', 'BENITEZ', 'QUIROZ', NULL, 0),
(17663769, 3, 'e7da48afb8dfaca45ddee5a1017a7e78', NULL, 'b.dferrada@gmail.com', NULL, '2013-10-26 00:28:58', 'BARBARA', 'DANIELA', 'FERRADA', 'DE LA TORRE', NULL, 0),
(17672625, 3, '12528e12e3f410b6177680a13e7ea1b1', NULL, 'i.javier.am@hotmail.com', NULL, '2013-10-26 00:28:55', 'IVÁN', 'JAVIER', 'ÁLVAREZ', 'MAUDIER', NULL, 0),
(17677398, 3, 'ad93212c0c20285f2ad8c6b6aabe38eb', NULL, 'luis.moralesb@usach.cl', NULL, '2013-10-26 00:28:48', 'LUIS', 'ESTEBAN', 'MORALES', 'BERRÍOS', NULL, 0),
(17677686, 3, 'a3f9e305f8336b7f91f034a4ed335e88', NULL, 'eolo_33@hotmail.com', NULL, '2013-10-26 00:28:46', 'FRANCISCO', 'MARIO', 'LÓPEZ', 'ALARCÓN', NULL, 0),
(17680371, 3, '44c34fac0910f8985f2008fb8f3ec6b3', NULL, 'patogan@gmail.com', NULL, '2013-10-26 00:28:57', 'PATRICIO', 'AARON', 'GANA', 'MARTINEZ', NULL, 0),
(17680638, 3, 'c47e73ee5b9fc8912ebd53c2b7753f2e', NULL, 'javier08@hotmail.com', NULL, '2013-10-26 00:28:46', 'JAVIER', 'ANDRÉS', 'RODRIGUEZ', 'BENAVENTE', NULL, 0),
(17681913, 3, '4e1378c66c171239cecc8ae5934f892b', NULL, 'alberto.solar@usach.cl', NULL, '2013-10-26 00:28:58', 'ALBERTO', 'ANDRÉS', 'SOLAR', 'ARAVENA', NULL, 0),
(17703289, 3, '3ba51350ba36d168798278cdcd2f3fb4', NULL, 'pipe.bustosc@gmail.com', NULL, '2013-10-26 00:28:50', 'FELIPE', 'ANDRÉS', 'BUSTOS', 'CLERC', NULL, 0),
(17704528, 3, '06ae8d8d090044e01b3d804bdcd00f91', NULL, 'kevinxuebarrios@hotmail.com', NULL, '2013-10-26 00:28:45', 'KEVIN', 'STEPHEN', 'XUE', 'BARRÍOS', NULL, 0),
(17708387, 3, 'dd324d76b3f7cf5753a330700923b35e', NULL, 'dogosal@hotmail.com', NULL, '2013-10-26 00:28:52', 'ÁLVARO', 'MANUEL', 'SALGADO', 'ROJAS', NULL, 0),
(17709039, 3, '3c7a562965da8a04d37c1c92845c5f07', NULL, 'christian_19@live.cl', NULL, '2013-10-26 00:28:57', 'CHRISTIAN', 'IGNACIO', 'ARMIJO', 'CARRILLO', NULL, 0),
(17715392, 3, '12552b881071771ad321082b940090bc', NULL, 'valeria.gl@live.com', NULL, '2013-10-26 00:28:58', 'VALERIA', NULL, 'GORTARIS', 'LABRAÑA', NULL, 0),
(17722085, 3, '8966bfad32b2f2a195319901d5272329', NULL, 'damage@live.cl', NULL, '2013-10-26 00:28:55', 'MATÍAS', 'ANDRÉS', 'GOMEZ', 'FERNANDEZ', NULL, 0),
(17733815, 3, '3bec050306efbb75e0dac98125ca0475', NULL, 'jrgtome@gmail.com', NULL, '2013-10-26 00:28:51', 'JORGE', 'ANDRE', 'TOME', 'ÁLVAREZ', NULL, 0),
(17771820, 3, '48f6c4e8982ecc2a2cae42bb6d171586', NULL, 'jordan.espindola@usach.cl', NULL, '2013-10-26 00:28:51', 'JORDAN', 'ANTONIO', 'ESPINDOLA', 'BARRAZA', NULL, 0),
(17777972, 3, '97b19977e73843af846a25ad43376835', NULL, 'anotherguitarman@hotmail.com', NULL, '2013-10-26 00:28:54', 'GASPAR', 'ALONSO', 'ROJAS', 'LLANCAPANI', NULL, 0),
(17788284, 3, 'ef7c73524767dd7ee25b495c3ff924d5', NULL, 'jose.riquelmet@gmail.com', NULL, '2013-10-26 00:28:52', 'JOSÉ', 'ORLANDO', 'RIQUELME', 'TOLEDO', NULL, 0),
(17796895, 3, 'e20311d71292150db446f3260d61733d', NULL, 'manuel.morales@usach.cl', NULL, '2013-10-26 00:28:46', 'MANUEL', 'IGNACIO', 'MORALES', 'IBARRA', NULL, 0),
(17810684, 3, 'be019c7013c76aea0ee0957f1ada92fc', NULL, 'cristian.hormazabal@usach.cl', NULL, '2013-10-26 00:28:50', 'CRISTIÁN', 'MAURICIO', 'HORMAZABAL', 'PEÑAILILLO', NULL, 0),
(17811841, 3, 'f6357f0ffcd36ecc3ac8dda0cc274697', NULL, 'danielignacio.-@live.cl', NULL, '2013-10-26 00:28:51', 'DANIEL', 'IGNACIO', 'PARRA', 'MERINO', NULL, 0),
(17826956, 3, 'c889ba521330b5c275cdde72b0997f95', NULL, 'cipress14@hotmail.com', NULL, '2013-10-26 00:28:48', 'DAVID', 'ISAAC', 'FUENTES', 'ARANEDA', NULL, 0),
(17837124, 3, 'cf8680908999a516103909873830d251', NULL, 'diego.pizarrob@gmail.com', NULL, '2013-10-26 00:28:45', 'DIEGO', 'ARTURO', 'PIZARRO', 'BUSTAMANTE', NULL, 0),
(17838076, 3, 'd34b56483f19c5ad7564ef9e3b1efa67', NULL, 'pablo.g.alarcon@gmail.com', NULL, '2013-10-26 00:28:46', 'PABLO', NULL, 'GONZÁLEZ', 'ALARCÓN', NULL, 0),
(17838292, 3, 'a7520f4367fa0dd3673851e4e76f5b38', NULL, 'globito_dani@hotmail.com', NULL, '2013-10-26 00:28:46', 'DANIEL', 'ALEJANDRO', 'PRADENAS', 'VERGARA', NULL, 0),
(17838435, 3, '105de0324d9fe0702884eb110a3b2d87', NULL, 'deuterio2h@hotmail.com', NULL, '2013-10-26 00:28:59', 'FELIPE', 'IGNACIO', 'MÉNDEZ', 'MOYA', NULL, 0),
(17839028, 3, 'e9bda83b2b6c51ab104ed04affe34a3a', NULL, 'cristhian.aravena@usach.cl', NULL, '2013-10-26 00:28:57', 'CRISTHIAN', 'SEBASTIÁN', 'ARAVENA', 'ZELADA', NULL, 0),
(17839641, 3, '4dac5418bb47a2bb84fdd53567b6905e', NULL, 'esteban.riquelme@usach.cl', NULL, '2013-10-26 00:28:46', 'ESTEBAN', 'GABRIEL', 'RIQUELME', 'VERA', NULL, 0),
(17841031, 3, '779b4d4d4951af40370f3417f1451746', NULL, 'stuckinmylife@hotmail.cl', NULL, '2013-10-26 00:28:57', 'NICOLÁS', 'ESTEBAN', 'TORRES', 'OLMOS', NULL, 0),
(17849210, 3, 'a5fb05590c94494ee62c486ca7e72ce6', NULL, 'nestor.mora@usach.cl', NULL, '2013-10-26 00:28:46', 'NESTOR', 'APOLO', 'MORA', 'MENARES', NULL, 0),
(17852445, 3, 'bfa7515b8a2a4e6810545ae34a95be1e', NULL, 'juan.bustamanteh@usach.cl', NULL, '2013-10-26 00:28:58', 'JUAN', 'RAMÓN', 'BUSTAMANTE', 'HERNANDEZ', NULL, 0),
(17859671, 3, '0c0d267c28d855d6affdeca187d3f7f9', NULL, 'nicolas.aguila@hotmail.com', NULL, '2013-10-26 00:28:45', 'NICOLÁS', 'ALEJANDRO', 'AGUILA', 'MORA', NULL, 0),
(17875307, 3, 'e14841f27970c4e9ad8666e662a7bab6', NULL, 'pbernadot@gmail.com', NULL, '2013-10-26 00:28:48', 'PAULA', 'ASERET', 'BERNADOT', 'SANTANDER', NULL, 0),
(17876697, 3, '2dceb88819fe5fce0a2f26e4d7b8a534', NULL, 'pablete.berrios@gmail.com', NULL, '2013-10-26 00:28:45', 'PABLO', 'SALVADOR', 'BERRÍOS', 'PEÑIPIL', NULL, 0),
(17880326, 3, '3fbde09dce4533eb9fd0c6cee071c391', NULL, 'vfreiref@gmail.com', NULL, '2013-10-26 00:28:57', 'VÍCTOR', 'PATRICIO', 'FREIRE', 'FERNANDEZ', NULL, 0),
(17881739, 3, '8146959000899381633b1f265685155a', NULL, 'fefa_9_gato@hotmail.com', NULL, '2013-10-26 00:28:51', 'FERNANDO', 'ELISEO', 'FUENTES', 'ALARCÓN', NULL, 0),
(17902689, 3, 'a23c92aa2f96b121b7d6d1a6598aa1af', NULL, 'javierr.cl@hotmail.com', NULL, '2013-10-26 00:28:46', 'JAVIER', 'ANDRÉS', 'CAMBLOR', 'LATORRE', NULL, 0),
(17904578, 3, '9b015485399b1cbef34b5081f56ba7fa', NULL, 'rene.guzman@usach.cl', NULL, '2013-10-26 00:28:44', 'RENÉ', 'IGNACIO', 'GUZMAN', 'MARTINEZ', NULL, 0),
(17908180, 3, '06d25fcdcfc75f47fec59bba6fd179bc', NULL, 'jbeltranurra@gmail.com', NULL, '2013-10-26 00:28:46', 'JORDAN', 'ALEXANDER', 'BELTRAN', 'URRA', NULL, 0),
(17908319, 3, '37a5f995ab5e7dcc2fb5235a17ffa11e', NULL, 'hugoalejandro99@gmail.com', NULL, '2013-10-26 00:28:44', 'HUGO', 'ALEJANDRO', 'MORA', 'MORGADO', NULL, 0),
(17920291, 3, '58f306a8f9216ea43da16d52c4d653a6', NULL, 'sea_yea16@hotmail.com', NULL, '2013-10-26 00:28:56', 'SEBASTIÁN', 'IGNACIO', 'ESCOBAR', 'MEDINA', NULL, 0),
(17921336, 3, 'f712f048d12c8941378f250ea2e45e05', NULL, 'diegolara29@gmail.com', NULL, '2013-10-26 00:28:54', 'DIEGO', 'DANIEL', 'LARA', 'SANTANDER', NULL, 0),
(17922319, 3, '4b37bee8a821950efe52ec4200c5abdb', NULL, 'hernanmedelcampos@gmail.com', NULL, '2013-10-26 00:28:46', 'HERNAN', 'SHAMIR', 'MEDEL', 'CAMPOS', NULL, 0),
(17929575, 3, 'fecf84a0cdf65b13860a260643175729', NULL, 'edgardo.gonzalezh@usach.cl', NULL, '2013-10-26 00:28:51', 'EDGARDO', 'ANDRÉS', 'GONZÁLEZ', 'HENRÍQUEZ', NULL, 0),
(17942370, 3, '8c4db3b599af15f5158b047b1d405777', NULL, 'yerkobravo_2010@hotmail.com', NULL, '2013-10-26 00:28:48', 'YERKO', 'NICOLÁS', 'BRAVO', 'ABRIGO', NULL, 0),
(17953588, 3, 'd8450038e553c81d52c1375be6917f57', NULL, 'g.o.d_92@hotmail.com', NULL, '2013-10-26 00:28:46', 'GUSTAVO', 'AQUILES', 'OTEIZA', 'GUERRERO', NULL, 0),
(17956639, 3, '45312eb723bfd82e8f10e3ca9032645b', NULL, 'marcela.pizarro@usach.cl', NULL, '2013-10-26 00:28:50', 'MARCELA', 'FRANCISCA', 'PIZARRO', 'VERGARA', NULL, 0),
(17959556, 3, '8e986dde6583290a6a98ee127f08f243', NULL, 'dustarma@gmail.com', NULL, '2013-10-26 00:28:46', 'RAFAEL', 'ANDRES', 'SEGURA', 'PRIETO', NULL, 0),
(17961578, 3, '6473c6a01c661863fb3ae393d56fd0f6', NULL, 'ed.trooper@gmail.com', NULL, '2013-10-26 00:28:50', 'ALEJANDRO', 'JAVIER', 'ECHEVERRIA', 'BLANCO', NULL, 0),
(17962438, 3, '4439441931bb76cd6900bbad6331b968', NULL, 'javiera.solar@usach.cl', NULL, '2013-10-26 00:28:59', 'JAVIERA', 'FERNANDA', 'SOLAR', 'MAIRA', NULL, 0),
(17965478, 3, '167020aa685ced183ec674a29b9179da', NULL, 'djoscarbkn@gmail.com', NULL, '2013-10-26 00:28:53', 'OSCAR', 'IVÁN', 'SEPÚLVEDA', 'CAMPOS', NULL, 0),
(17966849, 3, 'ad8eb585c7682e2e9f51c305351a83be', NULL, 'christian__calderon@hotmail.com', NULL, '2013-10-26 00:28:58', 'CHRISTIAN', 'EDUARDO', 'CALDERON', 'NUÑEZ', NULL, 0),
(17967062, 3, '103a873c7ca20bb0580c3fb1e0c136e9', NULL, 'tomas.faundez.p@gmail.com', NULL, '2013-10-26 00:28:56', 'TOMÁS', 'ALBERTO', 'FAUNDEZ', 'PÉREZ', NULL, 0),
(17968547, 3, '026be5cb983a1f23296389d4ba58eec7', NULL, 'footballmonti@hotmail.com', NULL, '2013-10-26 00:28:51', 'HÉCTOR', 'ENRIQUE', 'CORNEJO', 'MONTI', NULL, 0),
(18003318, 3, 'd30ad8996cbcc1e122c011eb6f35035a', NULL, 'bruno.schiappacasse@usach.cl', NULL, '2013-10-26 00:28:53', 'BRUNO', 'GIUSEPPE', 'SCHIAPPACAS', 'ARQUEROS', NULL, 0),
(18006161, 3, 'a721696f6d2138fd2a53699c4bbbb3ee', NULL, 'wgotschlich@gmail.com', NULL, '2013-10-26 00:28:59', 'WIEGAND', 'KONRAD', 'GOTSCHLICH', 'DELGADO', NULL, 0),
(18006329, 3, '857e57917ade05dee6714d754970105e', NULL, 'sweet.xele@live.cl', NULL, '2013-10-26 00:28:50', 'MICHELLE', 'LEONOR', 'VEGA', 'PAREDES', NULL, 0),
(18015608, 3, '2de24d4a8775060a55788a07a79da80a', NULL, 'resuriefu@gmail.com', NULL, '2013-10-26 00:28:54', 'FELIPE', 'CHRISTOPHER', 'VILCHES', 'CESPEDES', NULL, 0),
(18020991, 3, '1dfb5b910e595c8d3ce094d8ec574f4b', NULL, 'fbueso.b@gmail.com', NULL, '2013-10-26 00:28:51', 'FELIPE', 'IGNACIO', 'BUESO', 'BRAVO', NULL, 0),
(18021392, 3, '385a14b7ad8b4050a2b6e21d7e1bd271', NULL, 'matesic@hotmail.cl', NULL, '2013-10-26 00:28:54', 'CRISTIÁN', 'RODOLFO', 'MATESIC', 'QUIROGA', NULL, 0),
(18022257, 3, '7262b6a92f14230ef9664952586d1fc0', NULL, 'pelaocabezas@live.cl', NULL, '2013-10-26 00:28:56', 'DANIEL', 'FELIPE', 'CABEZAS', 'CASTRO', NULL, 0),
(18023678, 3, '725f7309cc4ebb03990d4f7ee2349c45', NULL, 'x_triniti02@hotmail.com', NULL, '2013-10-26 00:28:56', 'MARÍANA', 'BELEN', 'AGUILAR', 'GAJARDO', NULL, 0),
(18024714, 3, '2afbfe2b1b8f38cd93cc7d9b8a6e8640', NULL, 'fmora014@gmail.com', NULL, '2013-10-26 00:28:50', 'FELIPE', 'ANDRÉS', 'MORALES', 'PALMA', NULL, 0),
(18025613, 3, 'ba5ff097f253fc61be30e93e3425923b', NULL, 'isaias.dsg@gmail.com', NULL, '2013-10-26 00:28:44', 'ISAIAS', 'DAVID', 'SÁNCHEZ', 'GAJARDO', NULL, 0),
(18025948, 3, 'c60764b3fc4af7607c2f52398e706758', NULL, 'sebaturen@gmail.com', NULL, '2013-10-26 00:28:44', 'SEBASTIÁN', 'IGNACIO', 'TUREN', 'CROQUEVIELL', NULL, 0),
(18026471, 3, 'a5ab890ee09f0b255e129fe1ff1b8fb9', NULL, 'vanessa.medina@usach.cl', NULL, '2013-10-26 00:28:58', 'VANESSA', 'OLGA', 'MEDINA', 'QUEMPUMIL', NULL, 0),
(18026674, 3, 'cb32aad7fb459925c1cea6980b0dbd45', NULL, 'metal_hazzard@hotmail.com', NULL, '2013-10-26 00:28:57', 'SERGIO', 'EMANUEL', 'REUQUE', 'VERGARA', NULL, 0),
(18029394, 3, '42d48e185993269ce14f958e497c5fe6', NULL, 'matias.n16@hotmail.com', NULL, '2013-10-26 00:28:55', 'MATÍAS', 'NICOLÁS', 'FAUNDEZ', 'FAUNDEZ', NULL, 0),
(18030776, 3, 'a5b0439abe0e50e4facddf5800ffb7d9', NULL, 'eduardo_92x@hotmail.com', NULL, '2013-10-26 00:28:52', 'EDUARDO', 'ANTONIO', 'SOTO', 'FIGUEROA', NULL, 0),
(18030989, 3, '3d20780aa8c301ae088a490edb044143', NULL, 'nachogti1@gmail.com', NULL, '2013-10-26 00:28:49', 'JUAN-PABLO', 'IGNACIO', 'JARAQUEMAD', 'CERDA', NULL, 0),
(18039487, 3, '57287461ead026355dac7fbcd5a4b225', NULL, 'edu_cto@hotmail.com', NULL, '2013-10-26 00:28:57', 'EDUARDO', 'IGNACIO', 'PINO', 'AHUMADA', NULL, 0),
(18039510, 3, '903ebaceced1c8a18d290e2c6df1ce69', NULL, 'ignacio.irrazabal@live.com', NULL, '2013-10-26 00:28:55', 'JOSÉ', 'IGNACIO', 'MAULEN', 'IRRAZABAL', NULL, 0),
(18041843, 3, '316d06c1063f130b83fd4ee63a2f6135', NULL, 'nicolas.urrutias@usach.cl', NULL, '2013-10-26 00:28:50', 'NICOLÁS', 'IGNACIO', 'URRUTIA', 'SÁNCHEZ', NULL, 0),
(18044980, 3, '2a225a3836e4fc7e0994bb03ab72391d', NULL, 'drawn_to_nihil@hotmail.com', NULL, '2013-10-26 00:28:51', 'RODRIGO', 'SEBASTIÁN', 'ROJAS', 'AGUILA', NULL, 0),
(18046618, 3, 'a91abb0d36f7a3b85f057c3b78d48e9c', NULL, 'hugo.sepulveda.r@usach.cl', NULL, '2013-10-26 00:28:53', 'HUGO', NULL, 'SEPÚLVEDA', 'RIQUELME', NULL, 0),
(18050075, 3, '81d1d8203eac2215de2775279d047ca6', NULL, 'andre_iina5@hotmail.com', NULL, '2013-10-26 00:28:59', 'ANDREA', 'VERÓNICA', 'SÁNCHEZ', 'JARA', NULL, 0),
(18054789, 3, '7b75527a7eceb24ab6e40bbe8efc5ea0', NULL, 'natalyrojas.07@gmail.com', NULL, '2013-10-26 00:28:58', 'NATALY', 'FRANCESCA', 'ROJAS', 'FERNANDOIS', NULL, 0),
(18055535, 3, '85e4d11e6f1bc2192036c5579fa73232', NULL, 'lha.sarai@hotmail.com', NULL, '2013-10-26 00:28:59', 'SARAI', 'ESTER', 'ASCUY', 'PARADA', NULL, 0),
(18057399, 3, 'fe6bf2ab240c3ad4242c4a1153b1aa95', NULL, 'dainna.acosta@usach.cl', NULL, '2013-10-26 00:28:51', 'DAINNA', 'NEDIELJKA', 'ACOSTA', 'CASTRO', NULL, 0),
(18058735, 3, '5724f74a4bec3f32c6325f60fb606258', NULL, 'vanessa.saez@usach.cl', NULL, '2013-10-26 00:28:44', 'VANESSA', 'ALEJANDRA', 'SÁEZ', 'COLOMA', NULL, 0),
(18059292, 3, '4aee154e1892b3aa732f45414a3fb67d', NULL, 'miguel.maureira@usach.cl', NULL, '2013-10-26 00:28:49', 'MIGUEL', 'HUMBERTO', 'MAUREIRA', 'CLARE', NULL, 0),
(18059591, 3, '5830fc91bf2677da2cbcecbdb0edb2e2', NULL, 'aizu@live.cl', NULL, '2013-10-26 00:28:45', 'FELIPE', 'ESTEBAN', 'MENDOZA', 'HURTADO', NULL, 0),
(18061590, 3, '3baf2d541824020fad5e9301b3a7d750', NULL, 'osito_6940@hotmail.com', NULL, '2013-10-26 00:28:46', 'DIEGO', 'FRANCISCO', 'OPAZO', 'DÍAZ', NULL, 0),
(18061846, 3, '369a8d340137b9a9e0d60360a605c4cd', NULL, 'victor.munozp@usach.cl', NULL, '2013-10-26 00:28:46', 'VÍCTOR', 'ORLANDO', 'MUÑOZ', 'PESCE', NULL, 0),
(18061939, 3, '93d65bf95047f394819ee67330852c7a', NULL, 'gabriel.escobarc@usach.cl', NULL, '2013-10-26 00:28:45', 'GABRIEL', 'NICOLÁS', 'ESCOBAR', 'CELLE', NULL, 0),
(18064163, 3, 'b2c8cb595575f440e10d364593ef908f', NULL, 'sebastian.reinoso@usach.cl', NULL, '2013-10-26 00:28:46', 'SEBASTIÁN', 'ANDRÉS', 'REINOSO', 'VERGARA', NULL, 0),
(18066545, 3, '724b7ed3806bd9fe0e0a0ab907fafb9f', NULL, 'paulina.orellana.f@gmail.com', NULL, '2013-10-26 00:28:57', 'PAULINA', 'ANDREA', 'ORELLANA', 'FERNANDEZ', NULL, 0),
(18072368, 3, 'd4b47cc4182ba01d39b977763dd7fa92', NULL, 'paloma.arriagada@usach.cl', NULL, '2013-10-26 00:28:48', 'PALOMA', 'ELIZABETH', 'ARRIAGADA', 'MATUS', NULL, 0),
(18072390, 3, '0dc0757a40b59d8a226998f4e7cd4c41', NULL, 'deadly_rtg@hotmail.com', NULL, '2013-10-26 00:28:53', 'IVÁN', 'ALEJANDRO', 'NAVARRETE', 'PALOMERA', NULL, 0),
(18078418, 3, 'e0250b50285648947700c56d41df9fde', NULL, 'yudith_ph@hotmail.es', NULL, '2013-10-26 00:28:59', 'JUDITH', 'YOACIM', 'POVEA', 'HENRÍQUEZ', NULL, 0),
(18081926, 3, '1f8999f83c809d452454590f79b0f0d8', NULL, 'g.tejos@hotmail.com', NULL, '2013-10-26 00:28:57', 'GERMAIN', 'ALEJANDRO', 'TEJOS', 'CASTAÑEDA', NULL, 0),
(18082867, 3, '1440c35fded53a23ac8859a04e7c8f1b', NULL, 'jennifer.cordova.olmos@gmail.com', NULL, '2013-10-26 00:28:58', 'JENNIFER', 'ALEJANDRA', 'CORDOVA', 'OLMOS', NULL, 0),
(18084048, 3, '9398e90398d6493412c9d979194e5291', NULL, 'luis.decalisto@usach.cl', NULL, '2013-10-26 00:28:55', 'LUIS', 'RODOLFO', 'DE CALISTO', 'MEDEL', NULL, 0),
(18087280, 3, 'd1f7aba0b2390dcc69f87f471bef4105', NULL, 'diegolobos1@gmail.com', NULL, '2013-10-26 00:28:56', 'DIEGO', 'ERNESTO', 'LOBOS', 'ALBORNOZ', NULL, 0),
(18091915, 3, '1e5c95e6f900d1c2f919a88ff61f7a3b', NULL, 'emolina728@gmail.com', NULL, '2013-10-26 00:28:47', 'EDUARDO', 'ANDRÉS', 'MOLINA', 'MARTINEZ', NULL, 0),
(18099002, 3, 'febbd7a08b500ce2a58b40097cb06ae4', NULL, 'peter_gx@hotmail.com', NULL, '2013-10-26 00:28:57', 'PEDRO', 'GONZALO', 'CASTILLO', 'CASANUEVA', NULL, 0),
(18105111, 3, '8c38ee7e7997f9df83c1f4e331febe99', NULL, 'gonzalo_sanchez@live.com', NULL, '2013-10-26 00:28:59', 'GONZALO', 'ROBERTO', 'SÁNCHEZ', 'CARRACEDO', NULL, 0),
(18105176, 3, 'cc2c07558e646970d5987d710d074bbc', NULL, 'diana.reyes@usach.cl', NULL, '2013-10-26 00:28:52', 'DIANA', 'BELEN', 'REYES', 'ULLOA', NULL, 0),
(18117246, 3, 'ea28d589e87beb6c597b159cdc3e7d08', NULL, 'tafari77@gmail.com', NULL, '2013-10-26 00:28:46', 'ANGUS', 'TAFARI AMADO', 'POLLMANN', 'STOCKER', NULL, 0),
(18118823, 3, 'ff380ee74135c60b006e0c0cc157c464', NULL, 'danielruiz_lda@hotmail.com', NULL, '2013-10-26 00:28:47', 'DANIEL', 'MAURICIO', 'RUIZ', 'PUEBLA', NULL, 0),
(18119676, 3, '4970f7411cdd5d524feadde73c8163b9', NULL, 'roberto.fernandezg@usach.cl', NULL, '2013-10-26 00:28:52', 'ROBERTO', 'ESTEBAN', 'FERNÁNDEZ', 'GUTIÉRREZ', NULL, 0),
(18120647, 3, '6d1dc89c59d9224f5307f792d4b1293b', NULL, 'dominique.moyano@usach.cl', NULL, '2013-10-26 00:28:59', 'DOMINIQUE', 'ROCÍO', 'MOYANO', 'LEON', NULL, 0),
(18120650, 3, '345c11d60eff9e71a3c4a90416dc1870', NULL, 'ailyn.lucero@hotmail.com', NULL, '2013-10-26 00:28:58', 'AILYN', 'TAMARA', 'LUCERO', 'LORCA', NULL, 0),
(18120791, 3, '86753a34331bcc95bc5595057853a9ed', NULL, 'constanza.fernandez.ama@gmail.com', NULL, '2013-10-26 00:28:59', 'CONSTANZA', 'TERESA', 'FERNANDEZ', 'AMADOR', NULL, 0),
(18121168, 3, '9d60d12386d1491db211d37cd38647d7', NULL, 'vera_c4@hotmail.com', NULL, '2013-10-26 00:28:57', 'DIEGO', 'FELIPE', 'VERA', 'ZAMORANO', NULL, 0),
(18121214, 3, 'facb6692862b496835319319b4e38d86', NULL, 'luis.astudillo.banda@gmail.com', NULL, '2013-10-26 00:28:53', 'LUIS', 'ESTEBAN', 'ASTUDILLO', 'BANDA', NULL, 0),
(18121794, 3, '709f26b3da43ac0f2bf7bfbbe2cca206', NULL, 'diego_as66@hotmail.com', NULL, '2013-10-26 00:28:49', 'DIEGO', 'ALEJANDRO', 'SALINAS', 'ARAOS', NULL, 0),
(18122259, 3, 'c9f9d79ce6c63018523b0b34c654f464', NULL, 'jairoalbo07@hotmail.com', NULL, '2013-10-26 00:28:58', 'JAIRO', 'MATÍAS', 'SOLÍS', 'MARÍN', NULL, 0),
(18122351, 3, '77e39d9a031767b115522466219454c0', NULL, 'felipe_rze1337@hotmail.com', NULL, '2013-10-26 00:28:53', 'FELIPE', 'IGNACIO', 'GOMEZ', 'RIVERO', NULL, 0),
(18122427, 3, 'd128d69d93629079ff1a6cce9bf1a4ae', NULL, 'camilo.varas213@gmail.com', NULL, '2013-10-26 00:28:48', 'CAMILO', 'PATRICIO', 'VARAS', 'HENRÍQUEZ', NULL, 0),
(18123304, 3, 'e1e41b151ebd419698d70a7abee9fef9', NULL, 'jjrg.92@hotmail.com', NULL, '2013-10-26 00:28:47', 'JOSÉ', 'JOAQUIN', 'ROJAS', 'GONZALEZ', NULL, 0),
(18124749, 3, 'a46417c43014b648e33b77bd49c5a892', NULL, 'shimo.sv@gmail.com', NULL, '2013-10-26 00:28:50', 'SIMÓN', 'VÍCTOR', 'SOTO', 'VALDÉS', NULL, 0),
(18127100, 3, 'd25a624c643f7cb0d28e3a873aad08ff', NULL, 'amark_779@hotmail.com', NULL, '2013-10-26 00:28:58', 'AMARO', 'SALVADOR', 'BENAVENTE', 'MARÍN', NULL, 0),
(18127268, 3, 'fd25e2a05fa9026ea29bb182dbcfd938', NULL, 'diego_290592@hotmail.com', NULL, '2013-10-26 00:28:57', 'DIEGO', NULL, 'HERRERA', 'TORRES', NULL, 0),
(18127315, 3, '91f83b13bb6db3007761efa66977b462', NULL, 'f.leiva.in@gmail.com', NULL, '2013-10-26 00:28:53', 'FABIÁN', 'IGNACIO', 'LEIVA', 'CASANOVA', NULL, 0),
(18135005, 3, 'c6fcf2a838c86bf44a42d776705a03b1', NULL, 'patricio.c.q@hotmail.com', NULL, '2013-10-26 00:28:50', 'PATRICIO', 'ADOLFO', 'CISTERNAS', 'QUINTANA', NULL, 0),
(18143850, 3, 'fc80a85ea804ff3c14715d162c799d12', NULL, 'nicolas.sepulveda@usach.cl', NULL, '2013-10-26 00:28:57', 'NICOLÁS', 'FELIPE', 'SEPULVEDA', 'VERA', NULL, 0),
(18148643, 3, 'ee5bb4c179a6b1874374a800a2f3ac8c', NULL, 'max.chaconv@usach.cl', NULL, '2013-10-26 00:28:44', 'MAX', 'IGNACIO', 'CHACON', 'VILLANUEVA', NULL, 0),
(18150833, 3, 'b693bb2407bd59ec8f84b483484507c1', NULL, 'hans.ortiz@usach.cl', NULL, '2013-10-26 00:28:49', 'HANS', 'ALEXANDER', 'ORTIZ', 'MEDINA', NULL, 0),
(18153956, 3, '5cbad326989fcfa0a16013c57f87bf41', NULL, 'franco.tronci@usach.cl', NULL, '2013-10-26 00:28:57', 'FRANCO', 'ANTONIO', 'TRONCI', 'IRIARTE', NULL, 0),
(18155666, 3, 'a21a40b35b2230253b06c7ca59a8e418', NULL, 'jose.flores1210@live.cl', NULL, '2013-10-26 00:28:48', 'JOSÉ', 'IGNACIO', 'FLORES', 'PAREJA', NULL, 0),
(18155747, 3, '497cacc8a6de7db0b4edae294c2aa0cb', NULL, 'josesanchez@hotmail.cl', NULL, '2013-10-26 00:28:47', 'JOSÉ', 'IGNACIO', 'SÁNCHEZ', 'BURGOS', NULL, 0),
(18166094, 3, '8efd30280d06045377d389a4465f692b', NULL, 'cristian-felipe@live.cl', NULL, '2013-10-26 00:28:45', 'CRISTIÁN', 'FELIPE', 'ACUÑA', 'FUENZALIDA', NULL, 0),
(18167618, 3, '53b21f002aee3a90bc5a1f2fb2c58b03', NULL, 'rikrdo_t_c@hotmail.com', NULL, '2013-10-26 00:28:54', 'RICARDO', 'ALFONSO', 'TORRES', 'CARVAJAL', NULL, 0),
(18168962, 3, 'd56ca630372c81b8e8c4634e4e430a62', NULL, 'skid_nelson_rower@hotmail.com', NULL, '2013-10-26 00:28:50', 'NELSON', 'EDUARDO', 'PRADO', 'LIGETI', NULL, 0),
(18169367, 3, '440d73ccd6c36d31b106d30ebe6dff74', NULL, 'carlos.farias@usach.cl', NULL, '2013-10-26 00:28:56', 'CARLOS', 'ANDRÉS', 'FARIAS', 'YÁÑEZ', NULL, 0),
(18169934, 3, 'a6b906f6e26333510d35a198856e5fca', NULL, 'nicolas.montenegro89@gmail.com', NULL, '2013-10-26 00:28:58', 'NICOLÁS', 'FELIPE', 'MONTENEGRO', 'GALLEGUILLO', NULL, 0),
(18170501, 3, 'f92d98cce1d397cc7d7a71dd3ba5ed4f', NULL, 'paly_92@hotmail.com', NULL, '2013-10-26 00:28:48', 'PAULINA', 'IGNACIA', 'ZEBALLOS', 'HUERTA', NULL, 0),
(18170682, 3, '96961c404ff1c0f79cd28b8e0d906921', NULL, 'lechofa@hotmail.com', NULL, '2013-10-26 00:28:47', 'FELIPE', 'ANDRÉS', 'VALENZUELA', 'FUENTES', NULL, 0),
(18171404, 3, '3d05308612cadaf06ecb8a39e6e3f7ad', NULL, 'pablo_o@live.cl', NULL, '2013-10-26 00:28:54', 'PABLO', 'ANDRÉS', 'ZARATE', 'MÉNDEZ', NULL, 0),
(18171724, 3, '5fe3583d903c8b307d5e34e7bfe2e31f', NULL, 'javi.glaam@hotmail.com', NULL, '2013-10-26 00:28:58', 'JAVIERA', 'VALENTINA', 'TAPIA', 'CISTERNAS', NULL, 0),
(18172591, 3, 'e349280792b1837dc076ab8d64e7db76', NULL, 'ignacio.henriquez@me.com', NULL, '2013-10-26 00:28:46', 'IGNACIO', 'EDUARDO', 'HENRÍQUEZ', 'PASTENE', NULL, 0),
(18172623, 3, '3f152d3f7cd479f8f1304509be8444b0', NULL, 'daak250393@gmail.com', NULL, '2013-10-26 00:28:57', 'JOSÉ', 'IGNACIO', 'ARAVENA', 'ESPINOSA', NULL, 0),
(18172819, 3, '37a53ac39544a9f81ca6a0054bb84b69', NULL, 'deoxys_12@hotmail.com', NULL, '2013-10-26 00:28:52', 'LUCIANO', 'ANDRÉS', 'PULGAR', 'BUSTOS', NULL, 0),
(18173244, 3, '10f29e23911c96e2c65e04b72fba1b06', NULL, 'yasnitaa@live.com', NULL, '2013-10-26 00:28:59', 'YASNA', 'VALESKA', 'PARRAGUEZ', 'ALVARADO', NULL, 0),
(18176519, 3, '07c34c83141aa3dbf27c98ca83e59b8d', NULL, 'ivan_0110@hotmail.com', NULL, '2013-10-26 00:28:57', 'IVÁN', 'JESÚS', 'GUTIERREZ', 'GUTIERREZ', NULL, 0),
(18177517, 3, '74f7d181b4561c61d90947479885f263', NULL, 'carlosmh_16@hotmail.com', NULL, '2013-10-26 00:28:52', 'CARLOS', 'JOSÉ', 'MARTINEZ', 'HENRÍQUEZ', NULL, 0),
(18187685, 3, '0e9064f32682ec43515e2ef3613548c6', NULL, 'alan_fut13@hotmail.com', NULL, '2013-10-26 00:28:55', 'ALAN', 'ERICK', 'FUENTES', 'NUÑEZ', NULL, 0),
(18194282, 3, '7eaec7f46515812e2fa240a0aa7a5ce8', NULL, 'julitoo_pelao@hotmail.com', NULL, '2013-10-26 00:28:47', 'JULIO', 'CÉSAR', 'HERRERA', 'PAVEZ', NULL, 0),
(18197065, 3, '0dcabf4e13599c1f38ed2257eb7b9714', NULL, 'ignacio_bztd@hotmail.com', NULL, '2013-10-26 00:28:48', 'GUILLERMO', 'IGNACIO', 'BAEZA', 'TOLEDO', NULL, 0),
(18209945, 3, 'aa76ce72a24aefe6b8aed23afce4b49c', NULL, 'leonardosoto2@hotmail.com', NULL, '2013-10-26 00:28:52', 'LEONARDO', 'AMARO', 'SOTO', 'BUCHELI', NULL, 0),
(18210367, 3, 'cd1334980b21582f92bea4a52120e7d2', NULL, 'nicolasefelante@gmail.com', NULL, '2013-10-26 00:28:52', 'NICOLÁS', 'FELIPE', 'ESPINOZA', 'FLORES', NULL, 0),
(18210407, 3, 'b8a85fc589f6263c74e50c4e5994e498', NULL, 'jorgitoo.ready@hotmail.com', NULL, '2013-10-26 00:28:51', 'JORGE', 'ANDRÉS', 'CARDENAS', 'VEGA', NULL, 0),
(18210572, 3, 'ca9ce6d99177a22889c8c97e6ce15c53', NULL, 'edu.azul@me.com', NULL, '2013-10-26 00:28:48', 'EDUARDO', 'CARLOS', 'MARDONES', 'INDA', NULL, 0),
(18211230, 3, 'ea68219835093e3ac2d9ee643b5d9167', NULL, 'seba1.322@gmail.com', NULL, '2013-10-26 00:28:45', 'SEBASTIÁN', 'ALFREDO', 'RIQUELME', 'RODRIGUEZ', NULL, 0),
(18211353, 3, 'e09c1131425085a72b158be6b85e6dd1', NULL, 'ariel.parra@usach.cl', NULL, '2013-10-26 00:28:48', 'ARIEL', NULL, 'PARRA', 'GODOY', NULL, 0),
(18211466, 3, '1341014f667c4615cacc485e663f7e2b', NULL, 'guro.edge@gmail.com', NULL, '2013-10-26 00:28:51', 'CRISTIÁN', 'ANDRÉS', 'RAMOS', 'FUENZALIDA', NULL, 0),
(18211785, 3, '165065eedd8d381d7be295975d5c8863', NULL, 'nikoespin@hotmail.com', NULL, '2013-10-26 00:28:44', 'NICOLAS', 'ALBERTO', 'RUMINOT', 'AHUMADA', NULL, 0),
(18211944, 3, 'e6f4a7133b8ea153357a97a2cf87b13e', NULL, 'sebati182_bash4@hotmail.com', NULL, '2013-10-26 00:28:47', 'SEBASTIÁN', 'IGNACIO', 'HANSEN', 'VALVERDE', NULL, 0),
(18213131, 3, '4eda3e0f70b63ce8af1006123d11b31d', NULL, 'pedro.martinez@usach.cl', NULL, '2013-10-26 00:28:45', 'PEDRO', 'EDUARDO', 'MARTINEZ', 'CABRERA', NULL, 0),
(18220232, 3, 'f20f9f69a0a09397e9711c0a749b70df', NULL, 'marverick_s@hotmail.com', NULL, '2013-10-26 00:28:46', 'SERGIO', 'SEBASTIÁN', 'ITURRA', 'BRAVO', NULL, 0),
(18220890, 3, 'd83e106e4b4cf5f5d0ee38704bd0646f', NULL, 'gabriel.garcia@usach.cl', NULL, '2013-10-26 00:28:45', 'GABRIEL', 'ISRAEL', 'GARCÍA', 'ARRIAGADA', NULL, 0),
(18222367, 3, 'b7393b5ba0de04f2c45056a43c235e01', NULL, 'luis.garridoac@usach.cl', NULL, '2013-10-26 00:28:54', 'LUIS', 'OSVALDO', 'GARRIDO', 'ACUÑA', NULL, 0),
(18227446, 3, '0be59711e01707e114cabc08f861321a', NULL, 'pablox334@hotmail.com', NULL, '2013-10-26 00:28:52', 'PABLO', 'AARON', 'RIQUELME', 'GONZÁLEZ', NULL, 0),
(18230735, 3, '249539d29542dc34ae504761a27753de', NULL, NULL, NULL, '2013-10-26 00:28:47', 'JOHANA', 'ELIZABETH', 'TORRES', 'GAETE', NULL, 0),
(18242886, 3, 'a14e9c423770782ce839dd6c94cfce58', NULL, 'omar.araya1992@gmail.com', NULL, '2013-10-26 00:28:49', 'OMAR', 'PATRICIO', 'ARAYA', 'MORALES', NULL, 0),
(18244771, 3, '2a905a3edbdc0e50960cc9e39c4eb1db', NULL, 'd.millaqueo@gmail.com', NULL, '2013-10-26 00:28:49', 'DANIEL', 'IGNACIO', 'MILLAQUEO', 'FUENTES', NULL, 0),
(18245726, 3, '3e0ebc78823d3702b5800b3ea088bd2a', NULL, 'fabian.serranop@usach.cl', NULL, '2013-10-26 00:28:50', 'FABIÁN', 'ALEXIS', 'SERRANO', 'PINOCHET', NULL, 0),
(18246036, 3, '2602c0bca78c3f2539c107161d1a9016', NULL, 'sgarrido.roa@gmail.com', NULL, '2013-10-26 00:28:53', 'SERGIO', 'ISAIAS', 'GARRIDO', 'ROA', NULL, 0),
(18246141, 3, '7b71d8e548c366790aecd33eb7ffbc10', NULL, 'joxehp@hotmail.com', NULL, '2013-10-26 00:28:58', 'JOSÉPH', 'ANANIAS', 'HUEQUELEF', 'HUECHUN', NULL, 0),
(18246345, 3, '4c5f708b11b8f61d404555ef26d04b6b', NULL, 'nemesis_28_2@hotmail.com', NULL, '2013-10-26 00:28:48', 'MARIO', 'ALFONSO', 'IBAÑEZ', 'FLORES', NULL, 0),
(18248862, 3, 'e975ee95ddddc186fcebf0d96dba2864', NULL, 'fabian.parrao@usach.cl', NULL, '2013-10-26 00:28:49', 'FABIÁN', 'ESTEBAN', 'PARRA', 'OLGUÍN', NULL, 0),
(18249099, 3, '7468972f236be88ae568690960894936', NULL, 'joaquin.gallardo@usach.cl', NULL, '2013-10-26 00:28:52', 'JOAQUIN', 'IGNACIO', 'GALLARDO', 'MUÑOZ', NULL, 0),
(18249624, 3, '74bda8961519fb531701612f0c60ab1b', NULL, 'ffelipe.a@hotmail.com', NULL, '2013-10-26 00:28:53', 'FELIPE', 'ANDRÉS', 'ALMONACID', 'HERRERA', NULL, 0),
(18249929, 3, '8412a456893844cba3cab376f08b8596', NULL, 'ipablo@live.cl', NULL, '2013-10-26 00:28:48', 'PABLO', 'ANTONIO', 'CAYUN', 'CHEUQUEL', NULL, 0),
(18250765, 3, '5ac9b099a2ef2d681b1a557df0b484c3', NULL, 'artemax1@gmail.com', NULL, '2013-10-26 00:28:46', 'ESTEBAN', 'YILUN', 'LEE', 'HERNÁNDEZ', NULL, 0),
(18250777, 3, 'dcccb30dc041995d4da29278727c4c57', NULL, 'bmcornejo77@gmail.com', NULL, '2013-10-26 00:28:59', 'BARBARA', 'MAGDALENA', 'CORNEJO', 'SEPULVEDA', NULL, 0),
(18254442, 3, 'b6b607d537363756f1ac61da58a87d9e', NULL, 'w.pacheco_@hotmail.com', NULL, '2013-10-26 00:28:57', 'WALDO', 'FELIPE', 'PACHECO', 'MUÑOZ', NULL, 0),
(18261193, 3, 'd5b4ede20829eb4cfe442031141c85a5', NULL, 'mdl_5togolpe@hotmail.com', NULL, '2013-10-26 00:28:58', 'ORIEL', 'ANDRÉS', 'MUÑOZ', 'DÍAZ', NULL, 0),
(18265597, 3, '1da0cbe0fdffb22bd437d4555ec97157', NULL, 'aravenagauna.r@gmail.com', NULL, '2013-10-26 00:28:56', 'RODRIGO', 'JOSÉ', 'ARAVENA', 'GAUNA', NULL, 0),
(18268125, 3, 'ec95f840774212e7eeace4fb3c5127f0', NULL, 'willy_17_merelo@hotmail.com', NULL, '2013-10-26 00:28:51', 'WILLIAM', 'DAVID', 'LEIVA', 'LEIVA', NULL, 0),
(18274169, 3, 'd98521c13256fae82d9733817119044d', NULL, 'matyx_815@hotmail.com', NULL, '2013-10-26 00:28:58', 'MATÍAS', 'IVÁN', 'VALENCIA', 'NEIRA', NULL, 0),
(18274289, 3, 'fe1347f419e682a12c436b3fbb589d8f', NULL, 'placebo_92919@hotmail.com', NULL, '2013-10-26 00:28:52', 'DIEGO', 'DE JESÚS', 'RIQUELME', 'TOLEDO', NULL, 0),
(18274663, 3, '8012b3550c98af099a0601dc52319348', NULL, 'maxi_ranie@hotmail.com', NULL, '2013-10-26 00:28:45', 'MAXIMILIANO', 'ANTONIO', 'CÁCERES', 'VELIZ', NULL, 0),
(18275479, 3, 'ba19f3037ae26b012cbde2df7a8c36e3', NULL, 'sdn@live.cl', NULL, '2013-10-26 00:28:48', 'SANDRINO', 'WLADIMIR', 'BRIGNARDELL', 'MONTECINOS', NULL, 0),
(18275803, 3, '83e130fc91fcb48006b177fb537096ea', NULL, 'mpinto.23@hotmail.com', NULL, '2013-10-26 00:28:46', 'MATÍAS', 'BASTIAN', 'PINTO', 'VARGAS', NULL, 0),
(18279272, 3, '53dc86a88c8cf41ea6e6bbdd08548914', NULL, 'marcelo.munozmu@usach.cl', NULL, '2013-10-26 00:28:44', 'MARCELO', 'NICOLÁS', 'MUÑOZ', 'MUÑOZ', NULL, 0),
(18284811, 3, '80d493b66a0b7fed26b1fb621754692b', NULL, 'jaimevalle_92@hotmail.com', NULL, '2013-10-26 00:28:49', 'JAIME', 'EDUARDO', 'VALLE', 'SILVA', NULL, 0),
(18284991, 3, '6a0591bccbf37208d3a68fad57c6f373', NULL, 'natalia.moreno@usach.cl', NULL, '2013-10-26 00:28:49', 'NATALIA', 'FRANCISCA', 'MORENO', 'TILLERIA', NULL, 0),
(18285296, 3, 'fcee1eb12584f8a812aaa16a15e773cb', NULL, 'j.ancheo.gonzalez@gmail.com', NULL, '2013-10-26 00:28:45', 'YONATHAN', 'FRANCISCO', 'ANCHEO', 'GONZALEZ', NULL, 0),
(18288311, 3, '17fccfc3dfaae748e7b3873c34989157', NULL, 'alex.sayago@usach.cl', NULL, '2013-10-26 00:28:57', 'ALEX', 'EDUARDO', 'SAYAGO', 'CAURAPAN', NULL, 0),
(18288362, 3, '63de05529519e1501647bf8231dbdedc', NULL, 'pablo.guzret@gmail.com', NULL, '2013-10-26 00:28:52', 'PABLO', 'ORLANDO', 'GUZMÁN', 'RETAMAL', NULL, 0),
(18292351, 3, '6f9098c0b66c60f36b1a4b8446b4124c', NULL, 'kari.sn@hotmail.es', NULL, '2013-10-26 00:28:47', 'KARINA', 'STEFANIA', 'SALAZAR', 'NOVOA', NULL, 0),
(18294609, 3, 'b7d5d433da2745a6afdc79dbcb80df85', NULL, 'tomas.pacheco.flores@gmail.com', NULL, '2013-10-26 00:28:57', 'TOMÁS', 'ALEJANDRO', 'PACHECO', 'FLORES', NULL, 0),
(18294668, 3, '4c0adef352c950590fb5595c30d37695', NULL, 'daniel.pintos@usach.cl', NULL, '2013-10-26 00:28:57', 'DANIEL', 'ALEJANDRO', 'PINTO', 'SÁNCHEZ', NULL, 0),
(18294764, 3, 'e802a6579224444476ac799af475d84b', NULL, 'francisca.rpc@gmail.com', NULL, '2013-10-26 00:28:53', 'FRANCISCA', 'RAYIN', 'PALACIOS', 'CURAQUEO', NULL, 0),
(18294828, 3, '656c0d3d21d58d4435a11e30daa1694f', NULL, 'cesarluladasilva@hotmail.com', NULL, '2013-10-26 00:28:45', 'CÉSAR', 'PATRICIO', 'VIDAL', 'LIRA', NULL, 0),
(18295265, 3, 'cb053394b311c7bdd233d6da9be88b1c', NULL, 'rodrigo.ubilla@usach.cl', NULL, '2013-10-26 00:28:58', 'RODRIGO', 'ANDRÉS', 'UBILLA', 'CASTRO', NULL, 0),
(18295315, 3, '0568431fc3550da557b40f5ef805159c', NULL, 'nico.cordova@hotmail.com', NULL, '2013-10-26 00:28:45', 'NICOLAS', 'ANDREE', 'CORDOVA', 'PEÑA Y LILLO', NULL, 0),
(18295326, 3, '71d3c13931b8f7d807157db41435ab4e', NULL, 'loreto.maturana@usach.cl', NULL, '2013-10-26 00:28:53', 'LORETO', 'TERESITA DE JESÚS', 'MATURANA', 'MUÑOZ', NULL, 0),
(18305347, 3, 'b9af4f1ea0a91d733e4cf767a6b43cf9', NULL, 'fabianflandes@gmail.com', NULL, '2013-10-26 00:28:58', 'FABIÁN', 'JOSÉ', 'FLANDES', 'GLENEWINKEL', NULL, 0),
(18307656, 3, '37f6233f63237949546ea0e4330044d4', NULL, 'octane.ramone@gmail.com', NULL, '2013-10-26 00:28:49', 'HEBER', 'RAMÓN', 'BOERR', 'SILVA', NULL, 0),
(18308111, 3, '562453a3bd07e1c2706edde3927bda1d', NULL, 'patricioarcos@live.cl', NULL, '2013-10-26 00:28:50', 'PATRICIO', NULL, 'ARCOS', 'SHIN', NULL, 0),
(18309666, 3, '5dadb94cd0d6e0bb79b0735d7bdc0823', NULL, 'js_wulf@hotmail.com', NULL, '2013-10-26 00:28:47', 'JOSÉ', 'ANTONIO', 'SALINAS', 'SEGOVIA', NULL, 0),
(18312969, 3, '805a5b67a5cc1253ff0e39374860d98d', NULL, 'ismael.callasaya.h@gmail.com', NULL, '2013-10-26 00:28:47', 'ISMAEL', 'EUGENIO', 'CALLASAYA', 'HERNANDEZ', NULL, 0),
(18315761, 3, '28398434aa48026ddc49a18f2e185108', NULL, 'sebaloy@gmail.com', NULL, '2013-10-26 00:28:51', 'SEBASTIÁN', 'LUIS ALBERTO', 'LOY', 'CONTRERAS', NULL, 0),
(18327421, 3, 'd93692d586652687da3abf3c5b993ff0', NULL, 'kathya.ramirez@usach.cl', NULL, '2013-10-26 00:28:53', 'KATHYA', 'YANIRA', 'RAMIREZ', 'JORQUERA', NULL, 0),
(18327863, 3, '4959260766b327dc30bbfedd956720e4', NULL, 'claudia.urbina.vega@gmail.com', NULL, '2013-10-26 00:28:53', 'CLAUDIA', 'PAOLA', 'URBINA', 'VEGA', NULL, 0),
(18328770, 3, 'a77ae62c4453ee71ceae8faf5f4fd7c9', NULL, 'bryan.villegas.pardo@gmail.com', NULL, '2013-10-26 00:28:59', 'BRYAN', 'ALEJANDRO', 'VILLEGAS', 'PARDO', NULL, 0),
(18329001, 3, '0340df27c07e0fe00a015feef8294edf', NULL, 'kl_nyuchan@hotmail.com', NULL, '2013-10-26 00:28:58', 'KATHERINE', 'MARCELA', 'LIBERONA', 'IRARRAZABAL', NULL, 0),
(18329827, 3, '718230116656682ce25fb02485743b4d', NULL, 'octavio.caro@usach.cl', NULL, '2013-10-26 00:28:58', 'OCTAVIO', 'ANDRÉS', 'CARO', 'CARO', NULL, 0),
(18330267, 3, '124726ebc173d73a451ba9a54a61d212', NULL, 'gaboulala_skateboard@hotmail.com', NULL, '2013-10-26 00:28:55', 'GABRIEL', 'ANDRÉS', 'FUENTES', 'GARRIDO', NULL, 0),
(18330693, 3, 'a037d231751a962eef2690e870256230', NULL, 'angeli.constanza@gmail.com', NULL, '2013-10-26 00:28:59', 'ÁNGELI', 'CONSTANZA', 'LABRA', 'CORDERO', NULL, 0),
(18335842, 3, '086a834fa87d54c79380af8c96257a66', NULL, 'jada.13@hotmail.com', NULL, '2013-10-26 00:28:56', 'JAIME', 'DAVID', 'ALLENDES', 'LATTUZ', NULL, 0),
(18336111, 3, 'd60e536334a167249bbe70b933792463', NULL, 'gonzalog1@hotmail.com', NULL, '2013-10-26 00:28:53', 'GONZALO', 'ANTONIO', 'GUTIÉRREZ', 'ROQUE', NULL, 0),
(18337569, 3, 'ff3decdcfcee7a8d6ac236a1000faed3', NULL, 'rodrigo.jimenezf@usach.cl', NULL, '2013-10-26 00:28:50', 'RODRIGO', 'ANTONIO', 'JIMENEZ', 'FLORES', NULL, 0),
(18338391, 3, 'bdc74a6929abe88c2635cb03c17731b0', NULL, 'sith.boabhan@gmail.com', NULL, '2013-10-26 00:28:59', 'PRISCILA', 'ESTEFANIA', 'RIQUELME', 'AVILÉS', NULL, 0),
(18338395, 3, 'e2d63bbbb158ab73c4ad44d949216c3a', NULL, 'diego.osorio@usach.cl', NULL, '2013-10-26 00:28:58', 'DIEGO', 'SEBASTIÁN', 'OSORIO', 'ELIZONDO', NULL, 0),
(18340028, 3, 'ef38399ecda9bfc4140081fdef9b9e6f', NULL, 'sebastian.condeza@usach.cl', NULL, '2013-10-26 00:28:46', 'SEBASTIÁN', 'FERNANDO', 'CONDEZA', 'GARCÍA', NULL, 0),
(18341286, 3, '4f54335d769a3a8f252f0e29728bd591', NULL, 'pecka.star@hotmail.com', NULL, '2013-10-26 00:28:59', 'MARTA', 'ISABEL', 'LUENGO', 'MELIÑIR', NULL, 0),
(18341653, 3, '7f90d0c4feabe9fb74dea173f0df0089', NULL, 'eduardo.albornoz@usach.cl', NULL, '2013-10-26 00:28:46', 'EDUARDO', 'ANDRÉS', 'ALBORNOZ', 'MEZA', NULL, 0),
(18341743, 3, '3db3bee6f6bebbd1b40ada4f97daf199', NULL, 'alanisb_3@hotmail.com', NULL, '2013-10-26 00:28:49', 'ELENA', 'PATRICIA', 'MENARES', 'TRALMA', NULL, 0),
(18342567, 3, '85e680ccc7ae62f104ac7e5ce6239ccf', NULL, 'javiera.torresm@usach.cl', NULL, '2013-10-26 00:28:46', 'JAVIERA', 'ANDREA', 'TORRES', 'MUÑOZ', NULL, 0),
(18346533, 3, '78bfe8060a40fb325b4428df62b0763c', NULL, 'daniel.fontalba@usach.cl', NULL, '2013-10-26 00:28:58', 'DANIEL', 'FRANCISCO', 'FONTALBA', 'PINTO', NULL, 0),
(18347697, 3, 'feec352dfdc995288bac12adacfdcd05', NULL, 'mati.crsv@hotmail.com', NULL, '2013-10-26 00:28:53', 'MATÍAS', 'IGNACIO', 'ÁLVAREZ', 'HUAICO', NULL, 0);
INSERT INTO `usuario` (`RUT_USUARIO`, `ID_TIPO`, `PASSWORD_PRIMARIA`, `PASSWORD_TEMPORAL`, `CORREO1_USER`, `CORREO2_USER`, `VALIDEZ`, `NOMBRE1`, `NOMBRE2`, `APELLIDO1`, `APELLIDO2`, `TELEFONO`, `LOGUEABLE`) VALUES
(18347713, 3, 'b8bf5adc2e7052e4a7a3cceb75947e5b', NULL, 'riicardo.ignacio@live.cl', NULL, '2013-10-26 00:28:46', 'RICARDO', 'IGNACIO', 'SILVA', 'HINOJOSA', NULL, 0),
(18356443, 3, 'e3247c7c4b87378025466e2063f2ba8d', NULL, 'marcolobos_@hotmail.com', NULL, '2013-10-26 00:28:59', 'MARCO', 'GABRIEL', 'LOBOS', 'ACUÑA', NULL, 0),
(18356633, 3, 'b5de92b0152854e30d08aa73fb6230ae', NULL, 'pato12scr@hotmail.com', NULL, '2013-10-26 00:28:48', 'PATRICIO', 'FERNANDO', 'ESCANILLA', 'RIVERA', NULL, 0),
(18357572, 3, 'aa8bd920bf3712caccafc19fb7a323c2', NULL, 'daniel.molina27@hotmail.com', NULL, '2013-10-26 00:28:57', 'DANIEL', 'ABRAHAM', 'MOLINA', 'MUÑOZ', NULL, 0),
(18357887, 3, '8117ff78a0412d8cae72628421747d55', NULL, 'dyingtoknow@hotmail.es', NULL, '2013-10-26 00:28:58', 'CRISTOBAL', 'ORLANDO', 'SOLÍS', 'VALLADARES', NULL, 0),
(18357979, 3, '5ad6197d39055832f4581a9ee5b96697', NULL, 'victoria.antoncat@gmail.com', NULL, '2013-10-26 00:28:58', 'VÍCTORIA', 'ANDREA', 'ANTONIO', 'CATALÁN', NULL, 0),
(18359163, 3, '0654e1b814281a30f897c11ec185ff85', NULL, 'petuneitor_28@hotmail.com', NULL, '2013-10-26 00:28:49', 'LUIS', 'ALBERTO SEBASTIÁN', 'SILVA', 'ARANCIBIA', NULL, 0),
(18367010, 3, 'c05de27017df53b1fe9122bce815379c', NULL, 'jesus.plaza@usach.cl', NULL, '2013-10-26 00:28:59', 'JESÚS', 'SEBASTIÁN', 'PLAZA', 'LOPEZ', NULL, 0),
(18367419, 3, '05297dcaa85f725860db4d720926bb51', NULL, 'paburtonavarro@hotmail.com', NULL, '2013-10-26 00:28:49', 'PAULINA', 'CAROLINA', 'ABURTO', 'NAVARRO', NULL, 0),
(18376895, 3, '2bed69fb3fa0426b6af45f96bb0675cd', NULL, 'mariana_baquedano@hotmail.cl', NULL, '2013-10-26 00:28:50', 'MARÍANA', 'CONSTANZA', 'BAQUEDANO', 'ARENAS', NULL, 0),
(18380556, 3, '7d713f61a09de8bb3d6548e371156fb4', NULL, 'diego.arancibia.o@gmail.com', NULL, '2013-10-26 00:28:56', 'DIEGO', 'IGNACIO', 'ARANCIBIA', 'ORTEGA', NULL, 0),
(18385290, 3, '990898451107fe6dfd6596486fb7471a', NULL, 'maria.hernandezh@usach.cl', NULL, '2013-10-26 00:28:54', 'MARÍA', 'JOSÉ', 'HERNANDEZ', 'HERRERA', NULL, 0),
(18385486, 3, 'b22b1d0cac8f14f63fe966a280431ee3', NULL, 'ronal_rap@hotmail.com', NULL, '2013-10-26 00:28:51', 'RONAL', 'ADOLFO', 'ACEVEDO', 'PRADO', NULL, 0),
(18386833, 3, '46209119a4f24e7046e6798cc03fa9c5', NULL, 'felipe.toledod@usach.cl', NULL, '2013-10-26 00:28:50', 'FELIPE', 'EDUARDO', 'TOLEDO', 'DIAZ', NULL, 0),
(18391447, 3, '7e9d66447fc08ab06b1ae897517938e8', NULL, 'matiasvm@gmail.com', NULL, '2013-10-26 00:28:44', 'MATÍAS', 'JOSÉ', 'VARGAS', 'MORA', NULL, 0),
(18392241, 3, '7f6a9a1a44101a588d222fd0bd2ca1e3', NULL, 'street_broker@hotmail.com', NULL, '2013-10-26 00:28:45', 'TOMÁS', 'ESTEBAN', 'HASCHKE', 'CAÑON', NULL, 0),
(18392766, 3, '43aafd2ffb0ea34e337a35baf57a1809', NULL, 'andurraga_157@hotmail.com', NULL, '2013-10-26 00:28:55', 'ANDRÉS', 'IGNACIO', 'AMENABAR', 'DIAZ', NULL, 0),
(18393718, 3, 'd8dc59f9db8c3829ca68a2cf2eaf1059', NULL, 'victor.anriquez@usach.cl', NULL, '2013-10-26 00:28:57', 'VÍCTOR', 'IGNACIO', 'ANRIQUEZ', 'CORTES', NULL, 0),
(18393893, 3, 'ea04c42b0b67844c511f0ec7d679aaa2', NULL, 'rodrigoruiz.2403@gmail.com', NULL, '2013-10-26 00:28:49', 'RODRIGO', 'LEON DE JESÚS', 'RUIZ', 'SILVA', NULL, 0),
(18393904, 3, 'fe1c7131887368363052aff8c2dd39f6', NULL, 'rebe.pl@hotmail.com', NULL, '2013-10-26 00:28:59', 'REBECA', 'ALEJANDRA', 'PÉREZ', 'LAVIN', NULL, 0),
(18396748, 3, 'c4cf1b601906ed0f03f70c5a9cc5f6fb', NULL, 'tdfc.007@gmail.com', NULL, '2013-10-26 00:28:49', 'TOMÁS', 'DOMINGO', 'FERNANDEZ', 'CASTELLON', NULL, 0),
(18396873, 3, '1904ed3c2d0550031e43968ca131c739', NULL, 'crang.sks@gmail.com', NULL, '2013-10-26 00:28:52', 'CRISTOBAL', 'ANDRÉS', 'GANTER', 'LEIVA', NULL, 0),
(18399834, 3, 'b8ced0f9f20fbb1efa44305493a520aa', NULL, 'maranata_cristian@hotmail.com', NULL, '2013-10-26 00:28:46', 'CRISTIÁN', 'ANDRÉS', 'COÑOMAN', 'ACUÑA', NULL, 0),
(18400199, 3, 'e803cb214e606c8271874e9f9b5ae9be', NULL, 'sacroxaos@gmail.com', NULL, '2013-10-26 00:28:58', 'NICOLÁS', 'PAOLO', 'AGUIRRE', 'LUPANO', NULL, 0),
(18400231, 3, 'bb278acf19610379ac9b7037eb043984', NULL, 'eduardo.leiva@usach.cl', NULL, '2013-10-26 00:28:54', 'EDUARDO', 'ANDRÉS', 'LEIVA', 'ROCUANT', NULL, 0),
(18400529, 3, '7507aa8dee66cedbc4504a6fb2b57113', NULL, 'oskar_junta21@hotmail.com', NULL, '2013-10-26 00:28:50', 'OSCAR', 'MARTIN', 'SANTANDER', 'PINO', NULL, 0),
(18400574, 3, 'f1fda3b07da56d458aa0b910a0366eb7', NULL, 'felipe.moralesnavarro@gmail.com', NULL, '2013-10-26 00:28:56', 'FELIPE', 'ANDRÉS', 'MORALES', 'NAVARRO', NULL, 0),
(18400679, 3, '59e484db505a27a67c95b5e4c07b5aea', NULL, 'pabloo.nc@gmail.com', NULL, '2013-10-26 00:28:53', 'PABLO', 'SEBASTIÁN', 'NUÑEZ', 'CACERES', NULL, 0),
(18400868, 3, '3392f72ae82945344793591c284e8b0b', NULL, 'orlando.aravena@usach.cl', NULL, '2013-10-26 00:28:53', 'ORLANDO', 'ANDRÉS', 'ARAVENA', 'LABRA', NULL, 0),
(18403415, 3, 'aec7600ea4a8918a42235105a0a08f74', NULL, 'nicolaszavala_11@hotmail.com', NULL, '2013-10-26 00:28:45', 'NICOLÁS', 'ANDRÉS', 'ZAVALA', 'CANEDO', NULL, 0),
(18407664, 3, '6895e48044fc84364f161cd79c04a5e9', NULL, 'anibaleduardo.-@hotmail.com', NULL, '2013-10-26 00:28:57', 'ANIBAL', 'EDUARDO JESÚS', 'ÁLVAREZ', 'MADRID', NULL, 0),
(18407860, 3, '68c08be41a754f08656ec837f1f5441a', NULL, 'c.supay@gmail.com', NULL, '2013-10-26 00:28:59', 'CAMILO', 'GUILLERMO', 'GONZALEZ', 'ACEVEDO', NULL, 0),
(18408118, 3, 'c54ea5e2fc8c2b557ae63610b1c01ba3', NULL, 'mrmotax@live.cl', NULL, '2013-10-26 00:28:50', 'HUGO', 'ALEJANDRO', 'CONTRERAS', 'MUÑOZ', NULL, 0),
(18408247, 3, '36a12fbbb91a8386eb64cd644fda1a0b', NULL, 'gon_sep29@hotmail.com', NULL, '2013-10-26 00:28:47', 'GONZALO', 'ANDRÉS', 'SEPULVEDA', 'NORAMBUENA', NULL, 0),
(18408715, 3, '28d5510b31b79227fc983fb2324e9038', NULL, 'javita_52_xik@hotmail.com', NULL, '2013-10-26 00:28:59', 'JAVIERA', 'PAZ', 'CARRASCO', 'YÁÑEZ', NULL, 0),
(18409297, 3, '4d5850f4f39cc47dfcdb7ce4dedb2464', NULL, 'fg.ho939@gmail.com', NULL, '2013-10-26 00:28:47', 'FRANCO', 'GIORDANO', 'HERRERA', 'OLIVARES', NULL, 0),
(18409882, 3, '3257163c27e962c4e89a52de5c72aa71', NULL, 'one.merino.15@gmail.com', NULL, '2013-10-26 00:28:52', 'MIGUEL', 'ÁNGEL', 'MERINO', 'VARAS', NULL, 0),
(18410519, 3, 'f7d2a01c4ca830456610ad5c5d89512e', NULL, 'srdjenb@hotmail.com', NULL, '2013-10-26 00:28:51', 'SRDJEN', 'HERNÁN', 'BUSOLICH', 'CARDENAS', NULL, 0),
(18412114, 3, '4f1a593dacc22cc81cbe0f65bf316268', NULL, 'standarwaste23@gmail.com', NULL, '2013-10-26 00:28:56', 'CLAUDIA', 'DANIELA', 'OLIVARES', 'SÁEZ', NULL, 0),
(18413525, 3, '31ef2179a1435ac6545f9bf95a646676', NULL, 'alvaroulloarubilar@gmail.com', NULL, '2013-10-26 00:28:52', 'ÁLVARO', 'HERNÁN', 'ULLOA', 'RUBILAR', NULL, 0),
(18423704, 3, 'f965bf22d0279abfa5e288c47ac1b552', NULL, 'callo_ctr@hotmail.com', NULL, '2013-10-26 00:28:56', 'RICARDO', 'IGNACIO', 'CARVAJAL', 'BARRÍOS', NULL, 0),
(18423940, 3, 'e01918e0fbd25d6b04f79b77020e9575', NULL, 'esteban.ignacio2010@gmail.com', NULL, '2013-10-26 00:28:51', 'ESTEBAN', 'IGNACIO', 'QUIÑILEO', 'DIAZ', NULL, 0),
(18428666, 3, 'c6d4d696ba34d3d8fee9afcd8c0f2900', NULL, 'victor.tobar.93@gmail.com', NULL, '2013-10-26 00:28:55', 'VÍCTOR', 'ALEXIS', 'TOBAR', 'SANDOVAL', NULL, 0),
(18432885, 3, '937b7e1d33e4072a7b54c93bc67f0029', NULL, 'patricio.valenzuelav@usach.cl', NULL, '2013-10-26 00:28:51', 'PATRICIO', 'ABRAHAM', 'VALENZUELA', 'VILLABLANCA', NULL, 0),
(18441538, 3, '55a2f1df206e97ff4b0e3a0af04e409f', NULL, 'javier.guajardoy@usach.cl', NULL, '2013-10-26 00:28:48', 'JAVIER', 'IGNACIO', 'GUAJARDO', 'YÁÑEZ', NULL, 0),
(18442863, 3, 'aa84859922033a45878a55c3e6b35da6', NULL, 'fabian69_10@hotmail.com', NULL, '2013-10-26 00:28:59', 'FABIÁN', 'IGNACIO', 'PAREDES', 'GUERRA', NULL, 0),
(18443416, 3, 'a966a236998c0c4e05c9e311f6393962', NULL, 'sepulvedapuche@hotmail.com', NULL, '2013-10-26 00:28:50', 'GABRIEL', 'ALEXANDER', 'SEPULVEDA', 'PUCHE', NULL, 0),
(18443486, 3, 'f939761f3b02728dd87766d09a7d892e', NULL, 'hsv-106@hotmail.com', NULL, '2013-10-26 00:28:52', 'HERNÁN', 'ANDRÉS', 'SALINAS', 'VARGAS', NULL, 0),
(18443650, 3, '8ea27dd801590d5b8494d11847cd776b', NULL, 'nicolas.contrerasf@usach.cl', NULL, '2013-10-26 00:28:53', 'NICOLÁS', 'IGNACIO', 'CONTRERAS', 'FUENZALIDA', NULL, 0),
(18444640, 3, 'eb158817b9e72bb09a849a8a04e4ef02', NULL, 'xx_nayiiitta.eleze@hotmail.com', NULL, '2013-10-26 00:28:59', 'NAYARETTE', 'VALERIA', 'CORTES', 'CAMPOS', NULL, 0),
(18445709, 3, 'ad61f3b0a763158d038df0675a84c992', NULL, 'juan.gajardo@usach.cl', NULL, '2013-10-26 00:28:58', 'JUAN', 'JOSÉ', 'GAJARDO', 'GARAY', NULL, 0),
(18445916, 3, 'af91d5b676c772b0a60dcc70e5ba1924', NULL, 'bablemith@hotmail.com', NULL, '2013-10-26 00:28:43', 'BELEN', 'ANAI', 'BLEMITH', 'MUÑOZ', NULL, 0),
(18446046, 3, '5a0fff47585c20972e7f562a6b23d410', NULL, 'dandi_1315@hotmail.com', NULL, '2013-10-26 00:28:46', 'BENJAMÍN', 'JACOB', 'HERVIA', 'VALDIVIA', NULL, 0),
(18446302, 3, '3b6d59ad7e43a73f47e4c5a9f84071cf', NULL, 'jp.jerez_47@live.com', NULL, '2013-10-26 00:28:49', 'JOSÉ', 'PATRICIO', 'JEREZ', 'SÁNCHEZ', NULL, 0),
(18446600, 3, 'ddfd4f6f806a02dd2e3dda67f27b5c27', NULL, 'kamikaze.vernet@gmail.com', NULL, '2013-10-26 00:28:47', 'CRISTIÁN', 'ANDRÉS', 'VERNET', 'JARA', NULL, 0),
(18446687, 3, '4893fbd94b3a03c215352aa4e55b22a5', NULL, 'peloon@hotmail.cl', NULL, '2013-10-26 00:28:57', 'JORGE', 'PATRICIO', 'HONORES', 'MORALES', NULL, 0),
(18448463, 3, '8699f22e075dd25efbccefa1269069d0', NULL, 'marisol-oyarzun@hotmail.com', NULL, '2013-10-26 00:28:51', 'MARISOL', 'ESTEPHANIA', 'OYARZÚN', 'OYARZÚN', NULL, 0),
(18453599, 3, 'bac635f3418a805d4aa5444877e62237', NULL, 'dark_pride_shadow@hotmail.com', NULL, '2013-10-26 00:28:45', 'RAÚL', 'ANTONIO', 'FUENTEALBA', 'ANGUITA', NULL, 0),
(18456004, 3, 'cf54a6b77a873bff6ff78f7110bef4f0', NULL, 'damian.nunez@usach.cl', NULL, '2013-10-26 00:28:48', 'DAMIAN', 'ANDRÉS', 'NUÑEZ', 'ORDOÑEZ', NULL, 0),
(18456189, 3, 'faf536cc8bd8fad573a95d3517785b8b', NULL, 'ruderick.gutierrez@usach.cl', NULL, '2013-10-26 00:28:48', 'RUDERICK', 'JAVIER', 'GUTIERREZ', 'ULLOA', NULL, 0),
(18459423, 3, 'e9c9c8cf12f4cc3e026f036264578000', NULL, 'rguajardol@hotmail.com', NULL, '2013-10-26 00:28:45', 'RODRIGO', 'ANTONIO', 'GUAJARDO', 'LABRIN', NULL, 0),
(18461148, 3, '247f1cc7eb96510b49629dc1d55564ab', NULL, 'cmyasakani@gmail.com', NULL, '2013-10-26 00:28:50', 'CRISTOPHER', 'RAFAEL', 'MORALES', 'ARNAIZ', NULL, 0),
(18461509, 3, '45e8eed51459550a407efb82a401196a', NULL, 'lda.pablov@hotmail.com', NULL, '2013-10-26 00:28:50', 'PABLO', 'ANTONIO', 'VERA', 'CERDA', NULL, 0),
(18462516, 3, '15040b21aca73b431ffb3cfdaab84527', NULL, 'fernando.delvalle@usach.cl', NULL, '2013-10-26 00:28:55', 'FERNANDO', 'RAMIRO', 'DEL VALLE', 'LEIVA', NULL, 0),
(18463268, 3, '2dbc4f085d39059216f206397d03ac93', NULL, 'fedo_vergara@hotmail.com', NULL, '2013-10-26 00:28:58', 'FERNANDO', 'IGNACIO', 'VERGARA', 'SALAZAR', NULL, 0),
(18463304, 3, 'fe528cd9b3c63c11ffa11b15e69c2721', NULL, 'tripled_3_8@hotmail.com', NULL, '2013-10-26 00:28:56', 'DANIEL', 'DARIO', 'DIAZ', 'JEREZ', NULL, 0),
(18463362, 3, '4bec823ce6eb2c863890167690cd2120', NULL, 'nicobullanguero@hotmail.com', NULL, '2013-10-26 00:28:55', 'NICOLÁS', 'ALEJANDRO', 'HERNANDEZ', 'OLIVARES', NULL, 0),
(18463427, 3, '2848cab4b5aaa626503c1aa456e242f4', NULL, 'eduardosepulveda11@gmail.com', NULL, '2013-10-26 00:28:49', 'EDUARDO', 'IGNACIO', 'SEPULVEDA', 'VENEGAS', NULL, 0),
(18463516, 3, '87727ad10f90085cfb83556880da4c62', NULL, 'oscar.fbv@hotmail.com', NULL, '2013-10-26 00:28:57', 'OSCAR', 'FABIÁN', 'BARRIGA', 'VALDES', NULL, 0),
(18463555, 3, '87bbea0240fadc671e9f81338a619b80', NULL, 'haroxmao@gmail.com', NULL, '2013-10-26 00:28:51', 'MAXIMILIANO', 'ANDRÉS', 'FERNANDEZ', 'SAAVEDRA', NULL, 0),
(18463642, 3, '0620df524e0552263e1d553ec61a8911', NULL, 'pabloo._07@hotmail.com', NULL, '2013-10-26 00:28:48', 'PABLO', 'SEBASTIÁN', 'AVILÉS', 'DROGUETT', NULL, 0),
(18464318, 3, '32104776efef1234cfe7f453c947d2d0', NULL, 'nico_agui12@hotmail.com', NULL, '2013-10-26 00:28:56', 'NICOLÁS', 'RICARDO', 'AGUIRRE', 'VIDAL', NULL, 0),
(18464398, 3, '32e440bf957c2836b4ecf202afbce114', NULL, 'dime.pipe@hotmail.es', NULL, '2013-10-26 00:28:53', 'FELIPE', 'ANTONIO', 'CAROCA', 'SUAREZ', NULL, 0),
(18464516, 3, '99b67d5275c87538496a6ca606f03d40', NULL, 'seba_hrc@hotmail.com', NULL, '2013-10-26 00:28:50', 'SEBASTIÁN', 'HERNÁNDO', 'RIFFO', 'CASTILLO', NULL, 0),
(18464550, 3, 'd3b69c8232fa8f9631db18dba6e75dbb', NULL, 'ori_13_24@hotmail.com', NULL, '2013-10-26 00:28:49', 'ORIETTA', 'DEL CARMEN', 'DIAZ', 'ARIAS', NULL, 0),
(18464651, 3, '2462846b4a00fe87eeb55b3b4d6668fa', NULL, 'manu.blaitt@gmail.com', NULL, '2013-10-26 00:28:48', 'MANUEL', 'FRANCISCO', 'BLAITT', 'VERDUGO', NULL, 0),
(18464857, 3, 'fcb41e29c2383a83b0c10011718faa43', NULL, 'albox_6942@hotmail.com', NULL, '2013-10-26 00:28:53', 'ALFONSO', 'IGNACIO', 'CONTRERAS', 'PARRA', NULL, 0),
(18465091, 3, '6f317116788643d60a48fa5d9843286d', NULL, 'pelon2005_4@hotmail.com', NULL, '2013-10-26 00:28:48', 'FRANCISCO', 'JOSE', 'BRICEÑO', 'ROMAN', NULL, 0),
(18465280, 3, 'c48d3ff8be44e7d00687d5597405fe4d', NULL, 'totheeend.-@live.com', NULL, '2013-10-26 00:28:53', 'MARÍA', 'FRANCISCA', 'TORRES', 'QUEVEDO', NULL, 0),
(18466029, 3, 'a6b0d9ccfd8ea3ce8dea1a61a2ea6bd6', NULL, 'cesar.sotof@usach.cl', NULL, '2013-10-26 00:28:49', 'CÉSAR', 'ANTONIO', 'SOTO', 'FRANCO', NULL, 0),
(18466137, 3, 'fedcc2f003e4050252037bf41f457b98', NULL, 'felipeandreshn@gmail.com', NULL, '2013-10-26 00:28:49', 'FELIPE', 'ANDRÉS', 'HERNANDEZ', 'NORAMBUENA', NULL, 0),
(18466157, 3, 'c4a1d4d6ad170b55d68703d7ec29ab81', NULL, 'el.caos93@hotmail.com', NULL, '2013-10-26 00:28:48', 'MATÍAS', 'HUMBERTO', 'COLLIHUIN', 'BAEZ', NULL, 0),
(18466583, 3, 'e1d4df205c4aa550ddd660705fd9a61d', NULL, 'luisfelipefigueroaortiz@gmail.com', NULL, '2013-10-26 00:28:48', 'LUIS', 'FELIPE', 'FIGUEROA', 'ORTIZ', NULL, 0),
(18466906, 3, 'd6b5ed76ffc20af90cd1b2048c5723c0', NULL, 'fer_m.a@hotmail.com', NULL, '2013-10-26 00:28:58', 'FERNANDA', NULL, 'MELENDEZ', 'ARRIBADA', NULL, 0),
(18467295, 3, 'df31d102fab7157f97a8d5986ef1de9e', NULL, 'matias.aranda@live.com', NULL, '2013-10-26 00:28:48', 'MATÍAS', 'ANDRÉS', 'ARANDA', 'NAVARRETE', NULL, 0),
(18467359, 3, '6922380db9be1cc769e751f41ce91890', NULL, 'fernando.handal@yahoo.com', NULL, '2013-10-26 00:28:44', 'FERNANDO', 'JOAQUIN', 'HANDAL', 'OCAMPO', NULL, 0),
(18469328, 3, '73a76d48b71157bd2e48611d6786ed6b', NULL, 'gab_yap@hotmail.com', NULL, '2013-10-26 00:28:49', 'GABRIEL', 'ALEXIS', 'YAPUR', 'PLAZA', NULL, 0),
(18469846, 3, '360329bedc9d222e924cb1e8f474ef89', NULL, 'adriancatalantorres@gmail.com', NULL, '2013-10-26 00:28:53', 'ADRIÁN', 'IGNACIO', 'CATALÁN', 'TORRES', NULL, 0),
(18470675, 3, '4d6e096157932088675121d3037f9b83', NULL, 'mackita_p21@hotmail.es', NULL, '2013-10-26 00:28:48', 'MACARENA', 'SOLEDAD', 'PÉREZ', 'ORTEGA', NULL, 0),
(18476134, 3, '7afbe4c10bc1c4c1dd757727265d65ed', NULL, 'tomasson_11@hotmail.com', NULL, '2013-10-26 00:28:47', 'TOMÁS', 'EDUARDO', 'DE LA FUENTE', 'ALARCON', NULL, 0),
(18476694, 3, 'ae7dc7742887e4483c63305864433187', NULL, 'nachitocancino@gmail.com', NULL, '2013-10-26 00:28:52', 'ALDO', 'IGNACIO', 'CANCINO', 'JARA', NULL, 0),
(18481032, 3, 'd5ee4d7d23978107161d4fd4574b538f', NULL, 'olivares.victor@hotmail.es', NULL, '2013-10-26 00:28:51', 'VÍCTOR', 'NAMIR', 'OLIVARES', 'VERA', NULL, 0),
(18481647, 3, '4b896766eb5426073d67fccb009f5887', NULL, 'cokysotelo@gmail.com', NULL, '2013-10-26 00:28:51', 'MARCELO', 'ANDRÉS', 'SOTELO', 'ROJAS', NULL, 0),
(18487411, 3, 'ce3d6c7c27a154f197c69c5a34247621', NULL, 'cristobal.gainza@usach.cl', NULL, '2013-10-26 00:28:48', 'CRISTOBAL', 'RAFAEL', 'GAINZA', 'ARRATIA', NULL, 0),
(18497475, 3, '284400905a0d7f3bcbbfee6a1c0808ed', NULL, 'nadia_19931@hotmail.com', NULL, '2013-10-26 00:28:51', 'NADIA', 'ALEXANDRA', 'CONTRERAS', 'NUÑEZ', NULL, 0),
(18501598, 3, '34f5d657817ef7e3ab005266ccb0c4b8', NULL, 'niko_fall-down@hotmail.com', NULL, '2013-10-26 00:28:46', 'NICOLÁS', 'ANTONIO', 'CAIMANQUE', 'MAULEN', NULL, 0),
(18503027, 3, '1857bb1ac0fefd15ecbfbfd6bc913e3b', NULL, 'pay.sebastianrojas@hotmail.com', NULL, '2013-10-26 00:28:47', 'SEBASTIÁN', 'ANDRÉS', 'ROJAS', 'SILVA', NULL, 0),
(18506774, 3, '1a28214ddc9fe60b4a265453f6a81f37', NULL, 'camilo.fritis@gmail.com', NULL, '2013-10-26 00:28:51', 'CAMILO', 'FRANCISCO', 'FRITIS', 'FARIAS', NULL, 0),
(18506857, 3, 'd7cc00599820c5a4a5579a13e50c53cc', NULL, 'fcoj.sabugo@gmail.com', NULL, '2013-10-26 00:28:47', 'FRANCISCO', 'JAVIER', 'SABUGO', 'NEIRA', NULL, 0),
(18510450, 3, 'a2444343de613b6c91e6b48fcf1bb733', NULL, 'diegolequiz@gmail.com', NULL, '2013-10-26 00:28:47', 'DIEGO', 'ALEJANDRO', 'LEQUIZ', 'GARCIA', NULL, 0),
(18510695, 3, 'cad922404c4d14e8fba6d85e89242f73', NULL, 'neko._.1515@live.cl', NULL, '2013-10-26 00:28:45', 'CAROLINA', 'ALICIA ELIANA', 'FUENZALIDA', 'CONCHA', NULL, 0),
(18512364, 3, '1d4f9b8d49f19b01e9bfd97751eda8a8', NULL, 'el_.yerii@hotmail.com', NULL, '2013-10-26 00:28:55', 'ALYERI', 'AXEL', 'DOMINGUEZ', 'HIDALGO', NULL, 0),
(18513640, 3, '60d06ada3426a4a0563dba7daba3c795', NULL, 'cristobalici@gmail.com', NULL, '2013-10-26 00:28:54', 'CRISTOBAL', 'PATRICIO', 'SILVA', 'CALDERON', NULL, 0),
(18514511, 3, 'ce4d1ba4d0c7ec4131bd8e57e797ced2', NULL, 'karlita_2825@hotmail.com', NULL, '2013-10-26 00:28:59', 'KARLA', 'VALENTINA', 'SEPULVEDA', 'AGUILAR', NULL, 0),
(18514618, 3, '49a0c8736daef8641be156a5e8a8407d', NULL, 'dominique.marquez@hotmail.com', NULL, '2013-10-26 00:28:58', 'DOMINIQUE', 'ÁNGELICA', 'MÁRQUEZ', 'CARDENAS', NULL, 0),
(18514640, 3, '688daf30248ddb936c5e719e3413cd2c', NULL, 'cristianlinerosm@gmail.com', NULL, '2013-10-26 00:28:46', 'CRISTIÁN', 'ANDRÉS', 'LINEROS', 'MARTINEZ', NULL, 0),
(18515107, 3, '3a106a775bafb8c69367bb1138a02a00', NULL, 'sebastian.monsalve@usach.cl', NULL, '2013-10-26 00:28:44', 'SEBASTIÁN', 'ARNALDO', 'MONSALVE', 'PLAZA', NULL, 0),
(18516162, 3, '865a9493b56bd223775eb949c2f44e22', NULL, 'x_mhathiaxx_16@hotmail.com', NULL, '2013-10-26 00:28:52', 'MATÍAS', 'FELIPE', 'BUSTOS', 'RODRIGUEZ', NULL, 0),
(18516974, 3, 'b4ea8a23d342ad324fee589bd61f1817', NULL, 'palevalu_7@hotmail.com', NULL, '2013-10-26 00:28:47', 'PABLO', 'LEMUEL', 'VALDES', 'LUAN', NULL, 0),
(18525978, 3, '31f8bcdbf8842a2831ce5068b749c655', NULL, 'sindiosnina@gmail.com', NULL, '2013-10-26 00:28:58', 'PAULINA', 'ANDREA', 'RETAMALES', 'SILVA', NULL, 0),
(18527600, 3, '01e0b06cf11eb99a8a4b7326c2b9d3dd', NULL, 'martin.parraguez@usach.cl', NULL, '2013-10-26 00:28:57', 'MARTIN', 'LUCAS MANUEL', 'PARRAGUEZ', 'ZUÑIGA', NULL, 0),
(18527846, 3, '811641dccbd51836d686acbf14fc9bd7', NULL, 'agustin.herrera@usach.cl', NULL, '2013-10-26 00:28:47', 'AGUSTÍN', 'NICOLÁS', 'HERRERA', 'BUSTAMANTE', NULL, 0),
(18529319, 3, '746d2a301216654885dba541034eb9cf', NULL, 'valeria.elgueta@live.cl', NULL, '2013-10-26 00:28:57', 'VALERIA', 'ANDREA', 'ELGUETA', 'REYES', NULL, 0),
(18530379, 3, '5a745c005d101932519cf9e4d89c59b7', NULL, 'manuel.morgado@usach.cl', NULL, '2013-10-26 00:28:53', 'MANUEL', 'SEBASTIÁN', 'MORGADO', 'MÉNDEZ', NULL, 0),
(18531319, 3, '982784cfab0361212d95678f80e75130', NULL, 'juanc.ariasf@gmail.com', NULL, '2013-10-26 00:28:51', 'JUAN', 'CARLOS', 'ARIAS', 'FLORES', NULL, 0),
(18532106, 3, 'dea044bd5906ebc00e8ffee7ca879b66', NULL, 'marcos.retamales@hotmail.com', NULL, '2013-10-26 00:28:53', 'MARCOS', 'IGNACIO', 'RETAMALES', 'PINO', NULL, 0),
(18533478, 3, 'a63790864882cc87e95d8eea3116095c', NULL, 'carlos.gonzaleza@usach.cl', NULL, '2013-10-26 00:28:55', 'CARLOS', 'JAVIER', 'GONZALEZ', 'ACEVEDO', NULL, 0),
(18534759, 3, '4bd9237035011e8b0d8f0f3b8572e1dd', NULL, 'valinor_99@hotmail.com', NULL, '2013-10-26 00:28:51', 'DANIEL', 'ANTONIO', 'CRISTI', 'RODRIGUEZ', NULL, 0),
(18535107, 3, '83654d6bcb9c15bc805cf8eb03831ef8', NULL, 'nikodiazcastro@yahoo.es', NULL, '2013-10-26 00:28:55', 'NICOLÁS', 'IGNACIO', 'DIAZ', 'CASTRO', NULL, 0),
(18535120, 3, '5176c9a6d5aaee1c9471bb09b49cffc7', NULL, 'diego.ignaciio.-@live.cl', NULL, '2013-10-26 00:28:49', 'DIEGO', 'IGNACIO', 'ESTOLAZA', 'DAVIS', NULL, 0),
(18535288, 3, 'e544f6c0fa4a2a54f99df16fb195d804', NULL, 'soytubertosky@hotmail.com', NULL, '2013-10-26 00:28:54', 'GUSTAVO', 'ALBERTO', 'GUIÑEZ', 'SAAVEDRA', NULL, 0),
(18536915, 3, '170a1a0c28af58a3e248a0cf5ae0d0bc', NULL, 'loreto.z.palavecinos@hotmail.com', NULL, '2013-10-26 00:28:59', 'LORETO', 'ISABEL', 'ZÚÑIGA', 'PALAVECINOS', NULL, 0),
(18537519, 3, 'e0c03eb3d0ec614ff06f2e38d2bd1632', NULL, NULL, NULL, '2013-10-26 00:28:50', 'SEBASTÍAN', 'MATÍAS', 'VARGAS', 'OLIVA', NULL, 0),
(18537738, 3, 'ab873029a1b08aba1d5a4fd3f57ec32c', NULL, 'nicorojasv4@gmail.com', NULL, '2013-10-26 00:28:47', 'NICOLÁS', 'ALBERTO', 'ROJAS', 'VIDELA', NULL, 0),
(18537795, 3, 'ea69d039238cec03eb8428c98feff8fa', NULL, 'francisco_mcuevas@hotmail.com', NULL, '2013-10-26 00:28:52', 'FRANCISCO', 'JOSÉ DANIEL', 'MUÑOZ', 'CUEVAS', NULL, 0),
(18537853, 3, '3cff63f8f5c8b37ee3c63cfadae3bddf', NULL, 'rodrigobascursoto@hotmail.com', NULL, '2013-10-26 00:28:58', 'RODRIGO', 'ALEJANDRO', 'BASCUR', 'SOTO', NULL, 0),
(18537895, 3, '24d8d4e0491fb46130a808b18b0bb587', NULL, 'enecre@hotmail.com', NULL, '2013-10-26 00:28:45', 'TOMÁS', 'ALEJANDRO', 'CHILD', 'ROJAS', NULL, 0),
(18538133, 3, '45f4715031341c7c6a1a372f6985fba0', NULL, 'wera948@hotmail.com', NULL, '2013-10-26 00:28:49', 'WALTER', 'EDGARDO', 'REYES', 'AGURTO', NULL, 0),
(18538269, 3, '8327529824de69ebb791cd92b9ff9c14', NULL, 'vyctor.ix@gmail.com', NULL, '2013-10-26 00:28:50', 'VÍCTOR', 'ALEJANDRO', 'VALDES', 'PÉREZ', NULL, 0),
(18538688, 3, 'fb78b5c6f94fd337e0294cb56ba60863', NULL, 'pablozky93@gmail.com', NULL, '2013-10-26 00:28:58', 'PABLO', 'ISRAEL', 'GUZMAN', 'CASTRO', NULL, 0),
(18538814, 3, '331e2c8468666eaa31ab1e5a4d356eea', NULL, 'claudio.murua@usach.com', NULL, '2013-10-26 00:28:54', 'CLAUDIO', 'EMILIANO', 'MURUA', 'ARANEDA', NULL, 0),
(18539020, 3, '73cf0ee97d83e6cfa32fd50619782a07', NULL, 'michel.venegas@usach.cl', NULL, '2013-10-26 00:28:53', 'MICHEL', 'ANDRÉS', 'VENEGAS', 'HUENCHULAF', NULL, 0),
(18539300, 3, 'e48baf86efb2be51d4092ba1a4b7b1b8', NULL, 'gon_bambino@hotmail.com', NULL, '2013-10-26 00:28:53', 'GONZALO', 'FELIPE', 'PINTO', 'MONSALVE', NULL, 0),
(18539785, 3, 'e0b6c933b3f97428ba7fc69e33398ce7', NULL, 'eduard0_27_@hotmail.com', NULL, '2013-10-26 00:28:59', 'EDUARDO', 'IGNACIO', 'QUINTEROS', 'MARTINEZ', NULL, 0),
(18539817, 3, 'f73e08ca807597f34c3765b5268f8978', NULL, 'juan.fuenzalidae@usach.cl', NULL, '2013-10-26 00:28:47', 'JUAN', 'PABLO', 'FUENZALIDA', 'ESPINOZA', NULL, 0),
(18540883, 3, '8ec82748fd1c8156001f086843277486', NULL, 'jose.ignacio.guz@gmail.com', NULL, '2013-10-26 00:28:51', 'JOSÉ', 'IGNACIO', 'GUZMAN', 'VÁSQUEZ', NULL, 0),
(18540933, 3, 'c6391af5b1b36a0b8bd71057ae5c3cb0', NULL, 'julio.torresa@usach.cl', NULL, '2013-10-26 00:28:50', 'JULIO', 'MANUEL', 'TORRES', 'ARMIJO', NULL, 0),
(18541666, 3, '27f362758c29782b5d56b1cee4398c58', NULL, 'kmiilho_17@hotmail.com', NULL, '2013-10-26 00:28:52', 'CAMILO', 'IGNACIO', 'PÉREZ', 'RODRIGUEZ', NULL, 0),
(18545239, 3, 'd77eeac32cdbb46e349664e390516994', NULL, 'felipe.sepulvedam@usach.cl', NULL, '2013-10-26 00:28:50', 'FELIPE', 'ANDRÉS', 'SEPULVEDA', 'MIRANDA', NULL, 0),
(18546013, 3, '889e5dc97f1708fd98f18f47b1cb773f', NULL, 'panxoalboh2@gmail.com', NULL, '2013-10-26 00:28:56', 'FRANCISCO', 'ALEJANDRO', 'ROMAN', 'BUSTAMANTE', NULL, 0),
(18546785, 3, '59d1fd4343b670e0db4940551a7c1e27', NULL, 'cecilia.rodriguez@usach.cl', NULL, '2013-10-26 00:28:50', 'CECILIA', 'ROCÍO', 'RODRIGUEZ', 'LEVIO', NULL, 0),
(18547022, 3, 'b824dc5536c18118774ddb065cc1af14', NULL, 'felipeconefe@gmail.com', NULL, '2013-10-26 00:28:59', 'FELIPE', 'EDUARDO', 'TRONCOSO', 'FERNANDEZ', NULL, 0),
(18547234, 3, '3443ba9a1d99f49b14a0f9bd8da0e806', NULL, 'francisco.riquelme@usach.cl', NULL, '2013-10-26 00:28:50', 'FRANCISCO', 'JAVIER', 'RIQUELME', 'ALIAGA', NULL, 0),
(18555799, 3, '319bf93523292bc62c5641cacb55fc09', NULL, 'ignacio.murillo@hidrosan.cl', NULL, '2013-10-26 00:28:54', 'IGNACIO', 'ESTEBAN', 'MURILLO', 'CAMPOS', NULL, 0),
(18556466, 3, '698afa82f61fdfc71d9c72b1054802b3', NULL, 'lister.flores@usach.cl', NULL, '2013-10-26 00:28:53', 'LISTER', 'LINCOYAN', 'FLORES', 'CASTILLO', NULL, 0),
(18558513, 3, 'b1f84e148afad25dbfe75e3f8f3c38a9', NULL, 'alvarovergara93@gmail.com', NULL, '2013-10-26 00:28:52', 'ÁLVARO', 'GUSTAVO', 'VERGARA', 'ROJAS', NULL, 0),
(18559399, 3, '7ba3f53b3f31a205a578430715cb5c9f', NULL, 'francisco.monroy@usach.cl', NULL, '2013-10-26 00:28:59', 'FRANCISCO', 'ANTONIO', 'MONROY', 'TRONCOSO', NULL, 0),
(18559480, 3, '36a2926d422b924250cd43ec114e6b38', NULL, 'jpaas13@gmail.com', NULL, '2013-10-26 00:28:48', 'JUAN', 'PABLO ADOLFO', 'ARAVENA', 'SEPULVEDA', NULL, 0),
(18563228, 3, '6f1c72b872b2d530b37030ceca30e9ed', NULL, 'domi@live.cl', NULL, '2013-10-26 00:28:48', 'DOMINICK', 'GABRIELA', 'COLINA', 'TORRES', NULL, 0),
(18564086, 3, 'c5940441513c1bfeea57fa8f8bf70621', NULL, NULL, NULL, '2013-10-26 00:28:56', 'SIMON', 'ERNESTO', 'DELGADO', 'SANCHEZ', NULL, 0),
(18564527, 3, '63d19d2835394b6066a761e98f3bbb58', NULL, 'francisca.aracena@usach.cl', NULL, '2013-10-26 00:28:45', 'FRANCISCA', 'BELEN', 'ARACENA', 'AGUILERA', NULL, 0),
(18568890, 3, '8662494bfd55d1564e5a4ca07ae18456', NULL, 'diego.fuentesg@usach.cl', NULL, '2013-10-26 00:28:45', 'DIEGO', 'ANDRÉS', 'FUENTES', 'GUERRA', NULL, 0),
(18568902, 3, '668f912f07944e69a3bf3d45a91e1868', NULL, 'raul_olivares2@hotmail.com', NULL, '2013-10-26 00:28:45', 'RAÚL', 'ANDRÉS', 'OLIVARES', 'PASTEN', NULL, 0),
(18569206, 3, '3a1e47722196dfd41b185114b73fc12b', NULL, 'powergirl_farrest@hotmail.com', NULL, '2013-10-26 00:28:52', 'FRANCISCA', 'MARÍA TERESA', 'FLORES', 'FLORES', NULL, 0),
(18569208, 3, '8e8b7b273c59a2870bfb4a852f981613', NULL, 'javiera.palacio@usach.cl', NULL, '2013-10-26 00:28:55', 'JAVIERA', 'DE LOS ÁNGELES', 'PALACIO', 'RAIMILLA', NULL, 0),
(18569255, 3, 'c7ccc18644a3eb72f759a1781c6ebc2c', NULL, 'flavioiturra@gmail.com', NULL, '2013-10-26 00:28:44', 'FLAVIO', 'ANDRÉS', 'ITURRA', 'LIZAMA', NULL, 0),
(18570056, 3, '27c58075dab4b25a8bca1a592103e992', NULL, 'mati_iturrieta@hotmail.com', NULL, '2013-10-26 00:28:53', 'MATÍAS', 'IGNACIO', 'ITURRIETA', 'MORENO', NULL, 0),
(18570131, 3, '6f456441e0bbf1b3b5d40c6a3adc9fad', NULL, 'javierverdugo01@gmail.com', NULL, '2013-10-26 00:28:57', 'JAVIER', 'ALEJANDRO', 'VERDUGO', 'ZAMBRA', NULL, 0),
(18570771, 3, '32d3756cf4ad4c9036655e71f61efaae', NULL, 'lukas.torres@usach.cl', NULL, '2013-10-26 00:28:47', 'LUKAS', 'OCTAVIO', 'TORRES', 'ORELLANA', NULL, 0),
(18571229, 3, 'cdcde9fc039da26819ad264e35d4f99d', NULL, 'danielignacio4@hotmail.com', NULL, '2013-10-26 00:28:54', 'DANIEL', 'IGNACIO', 'RIVERA', 'MARÍN', NULL, 0),
(18572587, 3, 'f412a48e33c457a29deda22a893d0a97', NULL, 'matiperez_elmejor@hotmail.com', NULL, '2013-10-26 00:28:50', 'MATÍAS', 'ARIEL', 'PÉREZ', 'GORMAZ', NULL, 0),
(18572886, 3, 'dc8aa78cdae044ddf3ff448077bbf37f', NULL, 'joakho.9@hotmail.com', NULL, '2013-10-26 00:28:58', 'JOAQUIN', 'IGNACIO', 'COURBIS', 'LIZAMA', NULL, 0),
(18574750, 3, '42c05ae310ed75b13c81b6a57738273a', NULL, 'rodrigo_1910_@hotmail.com', NULL, '2013-10-26 00:28:55', 'RODRIGO', 'ANTONIO', 'CANCINO', 'HERNÁNDEZ', NULL, 0),
(18580447, 3, '39510c75c6d399deaafb20844e8835eb', NULL, 'felipeeandrees.o@live.com', NULL, '2013-10-26 00:28:46', 'FELIPE', 'ANDRÉS', 'OYARZÚN', 'ALE', NULL, 0),
(18583773, 3, '8362abaa38edd8cc0cb50debde4679af', NULL, 'vicente.sepulveda@usach.cl', NULL, '2013-10-26 00:28:57', 'VICENTE', NULL, 'SEPULVEDA', 'ACOSTA', NULL, 0),
(18592716, 3, '487323b4c6f9c2da6ff69a9ff1f8c70e', NULL, 'daxxee@gmail.com', NULL, '2013-10-26 00:28:47', 'DANIEL', 'ALBERTO', 'SEPULVEDA', 'FUENTES', NULL, 0),
(18593420, 3, '97b30dbfcaadde889e633ff8d314670d', NULL, 'nathalia.zambrano@usach.cl', NULL, '2013-10-26 00:28:56', 'NATHALIA', 'RITA', 'ZAMBRANO', 'MORALES', NULL, 0),
(18593576, 3, 'cf4442a274172be96e5a3c8f8f3c2cb2', NULL, 'zhagox@hotmail.com', NULL, '2013-10-26 00:28:56', 'SANTIAGO', 'ALFREDO', 'HERRERA', 'GATICA', NULL, 0),
(18593649, 3, '3f8999f4fec73ffc683550a827286a94', NULL, 'javieragodoyp@gmail.com', NULL, '2013-10-26 00:28:44', 'JAVIERA', 'DENISE', 'GODOY', 'PIZARRO', NULL, 0),
(18593890, 3, 'd86b19b4366ca02fc597baa9e90728e3', NULL, 'nikopoleidis_26@hotmail.com', NULL, '2013-10-26 00:28:57', 'NICOLÁS', 'IGNACIO', 'LECAROS', 'MORENO', NULL, 0),
(18593900, 3, 'b2f85a77825cc3df217ef9ee88033ee8', NULL, 'mamgui@live.cl', NULL, '2013-10-26 00:28:49', 'MARCELO', 'GUILLERMO', 'MORALES', 'PADILLA', NULL, 0),
(18593908, 3, '37e5f13b923a775bb6520e9ae99a288c', NULL, 'marcelo.roman_cc17@hotmail.com', NULL, '2013-10-26 00:28:47', 'MARCELO', 'ARIEL', 'ROMAN', 'PARRA', NULL, 0),
(18593928, 3, 'b60b252d6f20a0ac4f42253fd15ce527', NULL, 'toomaspaablo@hotmail.com', NULL, '2013-10-26 00:28:59', 'TOMÁS', 'PABLO', 'TORREALBA', 'ROJAS', NULL, 0),
(18594110, 3, '9ee63db260f5de0dacff0858b5c5221c', NULL, 'f.henriquezcamps@gmail.com', NULL, '2013-10-26 00:28:57', 'FRANCISCO', 'ANTONIO', 'HENRÍQUEZ', 'CAMPS', NULL, 0),
(18595674, 3, 'f7870195d3301459abe7a1b10e82e2cb', NULL, 'catita.alvarez.4@gmail.com', NULL, '2013-10-26 00:28:53', 'CATALINA', 'FERNANDA', 'ÁLVAREZ', 'REYES', NULL, 0),
(18596444, 3, '24c1528c705461efbd8e78613c164433', NULL, 'jmql93@gmail.com', NULL, '2013-10-26 00:28:54', 'JAVIER', 'MAURICIO', 'QUEZADA', 'LOPEZ', NULL, 0),
(18596589, 3, '2414f480c6f8181df16cbd24f6720336', NULL, 'bastian_2.o@hotmail.com', NULL, '2013-10-26 00:28:57', 'BASTIAN', 'ANDRÉS', 'VERGARA', 'ACEVEDO', NULL, 0),
(18596646, 3, '45f1ef797a5919357953e9aabdf9c9ea', NULL, 'maximiliano.espina@usach.cl', NULL, '2013-10-26 00:28:55', 'MAXIMILIANO', 'SALVADOR', 'ESPINA', 'RIVEROS', NULL, 0),
(18596929, 3, '19aa34db9265de9b12a239e488b97976', NULL, 'ariel_cduc@hotail.com', NULL, '2013-10-26 00:28:58', 'ARIEL', 'DAVID', 'CHALI', 'MARCHANT', NULL, 0),
(18596960, 3, '033701485844b6aa66ab8f98c62f30a1', NULL, 'slakter_araya@hotmail.com', NULL, '2013-10-26 00:28:53', 'FABIÁN', 'IGNACIO', 'ARAYA', 'MUÑOZ', NULL, 0),
(18597041, 3, '9e22880260122167b58561d87f199988', NULL, 'iloveme.-a@hotmail.com', NULL, '2013-10-26 00:28:47', 'AMANDA', 'PALOMA LIQUEN', 'QUILODRAN', 'CADIZ', NULL, 0),
(18597490, 3, '4eb6fce06632e92d74eb86c0fd2bbbe4', NULL, 'fabian.acuna@usach.cl', NULL, '2013-10-26 00:28:51', 'FABIÁN', 'EDUARDO', 'ACUÑA', 'CARO', NULL, 0),
(18597580, 3, '38867c7442b2c22fe030868248adb7ea', NULL, 'camila.canales@usach.cl', NULL, '2013-10-26 00:28:58', 'CAMILA', 'ALEJANDRA', 'CANALES', 'PEDREROS', NULL, 0),
(18598910, 3, 'eb5734a8a6bcc767c38c18d4db472555', NULL, 'wlady_13_x@hotmail.com', NULL, '2013-10-26 00:28:56', 'WLADIMIR', 'MANUEL', 'MIRANDA', 'CASTRO', NULL, 0),
(18602566, 3, '2bd1e6e5461c7374b225a67f2b39673e', NULL, 'everythingaboutsilence@gmail.com', NULL, '2013-10-26 00:28:46', 'SIGRID', 'ESTRELLA', 'MONSALVE', 'QUIROZ', NULL, 0),
(18602828, 3, '87d61718155f244d1941156af5c4bcc1', NULL, 'yerko.aguileras@usach.cl', NULL, '2013-10-26 00:28:46', 'YERKO', 'ANDRÉS', 'AGUILERA', 'SEGUEL', NULL, 0),
(18603462, 3, 'b271fd146cd8618487cb4995a3b74eb6', NULL, 'gonzalezlp7@gmail.com', NULL, '2013-10-26 00:28:57', 'DIEGO', 'JESÚS', 'GONZALEZ', 'VALLEJOS', NULL, 0),
(18604111, 3, '98c34f41e4e6a9bf819e5c614f653de2', NULL, 'raffa_soad@homail.com', NULL, '2013-10-26 00:28:58', 'RAFAEL', 'MAURICIO', 'BERRÍOS', 'ALVEAR', NULL, 0),
(18604666, 3, '1c6b183ba3a564346de4c0783afe7718', NULL, 'msita_1820@hotmail.com', NULL, '2013-10-26 00:28:49', 'MARÍA', 'LUISA FERNANDA', 'TRONCOSO', 'GONZALEZ', NULL, 0),
(18606032, 3, 'ebaee97af6490d1484fd4d2818ba461d', NULL, 'caceeres_sg@hotmail.com', NULL, '2013-10-26 00:28:45', 'RODRIGO', 'BYRON', 'CACERES', 'ALTAMIRANO', NULL, 0),
(18607874, 3, '335d6145bafcab5fb3ecdfd2cce0b823', NULL, 'mariteee_@hotmail.com', NULL, '2013-10-26 00:28:58', 'MARÍA', 'TERESA', 'CORNEJO', 'RIQUELME', NULL, 0),
(18608817, 3, 'ea2e1f4ab1a0657d4732b66ede0213db', NULL, 'kbin_12@hotmail.com', NULL, '2013-10-26 00:28:59', 'KEVIN', 'WILLIAM OMAR', 'LOYOLA', 'QUEZADA', NULL, 0),
(18610231, 3, '36f3e1e9111d38c40fa3876ac184cfca', NULL, 'egonzalez2509@gmail.com', NULL, '2013-10-26 00:28:55', 'EMANUEL', 'ANDRÉS', 'GONZALEZ', 'BARRAZA', NULL, 0),
(18610994, 3, 'f74ee69be8cadc2118dde2d2a6a77d79', NULL, 'canunezg@hotmail.cl', NULL, '2013-10-26 00:28:51', 'CAMILO', 'ANTONIO', 'NUÑEZ', 'GUAJARDO', NULL, 0),
(18611117, 3, '31feca60c2beb47a401c34f572b3580b', NULL, 'cas.noro@live.cl', NULL, '2013-10-26 00:28:52', 'CASANDRA', 'FRANCISCA', 'NEIRA', 'ORO', NULL, 0),
(18611270, 3, '16d896f82a65b4f12da18d84cd79e02a', NULL, 'leirbag.gabriel@live.com', NULL, '2013-10-26 00:28:55', 'GABRIEL', 'ABDON', 'OPAZO', 'QUEZADA', NULL, 0),
(18611466, 3, 'db459252080b2cf78a0821190177a2e0', NULL, 'daani.messina@gmail.com', NULL, '2013-10-26 00:28:50', 'DANIELA', 'JOSÉFA', 'MESSINA', 'QUINTEROS', NULL, 0),
(18612001, 3, '5a56aaa0700f52f5ab7a1c73be119f2d', NULL, 'johnsieveking@gmail.com', NULL, '2013-10-26 00:28:55', 'JOHN', 'RICARDO', 'SIEVEKING', 'ELGUETA', NULL, 0),
(18612802, 3, '4122887e76d604c87fb150316effaf12', NULL, 'beckyjean@vtr.net', NULL, '2013-10-26 00:28:45', 'JEAN', 'CARLOS DE JESÚS', 'CABELLO', 'MANDUJANO', NULL, 0),
(18613686, 3, '1bd64a7c0c3ec7b723041b85a64f8750', NULL, 'colocolo_eduardo@hotmail.com', NULL, '2013-10-26 00:28:57', 'EDUARDO', 'FRANCISCO', 'HERRERA', 'HERNANDEZ', NULL, 0),
(18620918, 3, '1b5bd89ad0e5ace7ff6fa95d3c37a5a4', NULL, 'csaldivargas@gmail.com', NULL, '2013-10-26 00:28:53', 'CAMILA', 'FERNANDA', 'SALDIVAR', 'VARGAS', NULL, 0),
(18621044, 3, 'd54fa2fdaa4827138b0bd39c31d46505', NULL, 'felipe.camposs@usach.cl', NULL, '2013-10-26 00:28:55', 'FELIPE', 'GONZALO', 'CAMPOS', 'SANHUEZA', NULL, 0),
(18622469, 3, '9474b498ad003916011421aa7cb7c50f', NULL, 'catalina.leiva28@gmail.com', NULL, '2013-10-26 00:28:54', 'CATALINA', 'ORIETTA', 'LEIVA', 'BACIGALUPPI', NULL, 0),
(18623346, 3, '03ce1c263c441a0942d60ac2e45e2ae9', NULL, 'benjaminroca12@gmail.com', NULL, '2013-10-26 00:28:45', 'BENJAMÍN', 'ESTEBAN', 'ROCA', 'CONTRERAS', NULL, 0),
(18623613, 3, '4733e886f2a400be18d7eb564af45438', NULL, 'gustavo.cabello@usach.cl', NULL, '2013-10-26 00:28:51', 'GUSTAVO', 'ANDRÉS', 'CABELLO', 'MORA', NULL, 0),
(18623728, 3, '6515034d4b755fc0f1a08badb7d5340e', NULL, 'deangelaz@hotmail.com', NULL, '2013-10-26 00:28:53', 'ÁNGELA', 'PAZ', 'ZUÑIGA', 'ADASME', NULL, 0),
(18624069, 3, '305dd37e29fbb93980e136879229478b', NULL, 'rodrihenriquez@gmail.com', NULL, '2013-10-26 00:28:55', 'RODRIGO', 'HERNÁN', 'HENRÍQUEZ', 'ARMIJO', NULL, 0),
(18624317, 3, 'b1c9e9257968d0c86c64115592f45b17', NULL, 'guitarra_d@hotmail.com', NULL, '2013-10-26 00:28:51', 'DIEGO', 'IGNACIO', 'CARCHER', 'GONZALEZ', NULL, 0),
(18625387, 3, '277ad0d89caa815cd2918a9a06d32132', NULL, 's.janet.v@live.cl', NULL, '2013-10-26 00:28:53', 'STEPHANIE', 'DAYAN', 'JANET', 'VILLAGRA', NULL, 0),
(18626012, 3, '2397dd62b304aeb634c3706728549063', NULL, 'marcelo_cordero13@hotmail.com', NULL, '2013-10-26 00:28:45', 'MARCELO', 'ALEJANDRO', 'CORDERO', 'ROJAS', NULL, 0),
(18626108, 3, '6d3829cf497376c3916b6d2cfcd263ff', NULL, 'leitomtp@hotmail.com', NULL, '2013-10-26 00:28:54', 'LEANDRO', 'PAULO', 'ARANCIBIA', 'ASTUDILLO', NULL, 0),
(18626683, 3, 'd19d6a32be583fb31386365e0448bcb4', NULL, 'andres.saldivia@usach.cl', NULL, '2013-10-26 00:28:50', 'ANDRÉS', 'EDUARDO', 'SALDIVIA', 'BALBONTIN', NULL, 0),
(18627168, 3, '8029416fc70968cb0ce63449059c76f9', NULL, 'sevilla.fernando@hotmail.com', NULL, '2013-10-26 00:28:51', 'FERNANDO', 'JAVIER', 'SEVILLA', 'QUEZADA', NULL, 0),
(18627178, 3, 'f6f4391eb7efb06443827a8b8078edf9', NULL, 'bloodyfun@live.com', NULL, '2013-10-26 00:28:55', 'BENJAMÍN', 'ESTEBAN', 'CORREA', 'GONZÁLEZ', NULL, 0),
(18629513, 3, 'd712608ffa9e3712786a85caea1c05fe', NULL, 'panxo_32@hotmail.com', NULL, '2013-10-26 00:28:49', 'FRANCISCO', 'IGNACIO', 'LOPEZ', 'JACOB', NULL, 0),
(18634721, 3, '5dfb2e5f1b9568f4de5374b9e07dad32', NULL, 'elias_i_z@hotmail.com', NULL, '2013-10-26 00:28:54', 'ELÍAS', 'IGNACIO', 'ZAVALA', 'SÁNCHEZ', NULL, 0),
(18634928, 3, 'd72b5d3e5435b242de0851a21cb0cf87', NULL, 'quiquevio93@gmail.com', NULL, '2013-10-26 00:28:51', 'ENRIQUE', 'IGNACIO', 'VIO', 'TORO', NULL, 0),
(18635758, 3, 'a337555838fa992b7593bef0aaa5b2df', NULL, 'pabloandres457@gmail.com', NULL, '2013-10-26 00:28:55', 'PABLO', 'ANDRES', 'FIERRO', 'UMAÑA', NULL, 0),
(18636154, 3, '49de1fdc1d0a99e2ed834bb083daccf7', NULL, 'b.a.d-k.i.d@hotmail.com', NULL, '2013-10-26 00:28:45', 'DAVID', 'ORION', 'CALISTRO', 'CAYUQUEO', NULL, 0),
(18636518, 3, 'b214e8d153f900a8f4d8be9c6cd658b2', NULL, 'mromaninio@gmaill.com', NULL, '2013-10-26 00:28:51', 'MARCELO', 'BRUNO', 'ROMANINI', 'OJEDA', NULL, 0),
(18636594, 3, '799ee3d116953a9678e7ff03387e01a5', NULL, 'andres.reyes@usach.cl', NULL, '2013-10-26 00:28:48', 'ANDRÉS', 'FABIÁN', 'REYES', 'GAETE', NULL, 0),
(18636717, 3, '82ef27ceda7af9bda3a99b9eb20179f8', NULL, 'damojar@hotmail.com', NULL, '2013-10-26 00:28:59', 'DAPHNE', 'NICOLE', 'MORENO', 'JARPA', NULL, 0),
(18636952, 3, 'b464d5d562fc4636a1c099afe87a6495', NULL, 'enrique_xmh@hotmail.com', NULL, '2013-10-26 00:28:46', 'ENRIQUE', 'JULIAN', 'MENENDEZ', 'HERNANDEZ', NULL, 0),
(18637189, 3, '35a6711f32832b52296e65b53b96d65f', NULL, 'felipe_vera_bp@hotmail.com', NULL, '2013-10-26 00:28:59', 'FELIPE', 'TOMÁS', 'VERA', 'URIBE', NULL, 0),
(18637231, 3, '13da7f14010b9a6e045cb5fa83108e3b', NULL, 'piguetus_bkn@hotmail.com', NULL, '2013-10-26 00:28:50', 'MIGUEL', 'ÁNGEL', 'FIGUEROA', 'ZAROR', NULL, 0),
(18638343, 3, '989bd055df1297bfcb6c2d79dba689ba', NULL, 'hunterdelta44@gmail.com', NULL, '2013-10-26 00:28:43', 'ELÍAS', 'ANDRÉS', 'CARMONA', 'CORTÉS', NULL, 0),
(18638423, 3, 'd379f933bb51998caa9aee292a5b6dfd', NULL, 'romy.pairoa@gmail.com', NULL, '2013-10-26 00:28:46', 'ROMINA', 'JAVIERA', 'PAIROA', 'ZAHLHAAS', NULL, 0),
(18638534, 3, '8e6bb1b0c355c02b25f026a899618b8f', NULL, 'eduran.94@hotmail.com', NULL, '2013-10-26 00:28:53', 'EDUARDO', 'HANS', 'DURAN', 'PASTEN', NULL, 0),
(18638613, 3, '9c9a97016e0e3f94c49b79e69c311aa6', NULL, 'naxo_snt94@hotmail.com', NULL, '2013-10-26 00:28:50', 'IGNACIO', 'ANTONIO', 'ARCE', 'ÁLVAREZ', NULL, 0),
(18638671, 3, '499c8959cea4a3a2337e772aa1bf3fc2', NULL, 'si_solis@hotmail.com', NULL, '2013-10-26 00:28:57', 'SEBASTIÁN', 'IGNACIO', 'SOLÍS', 'SILVA', NULL, 0),
(18638705, 3, '923b9ef9c01397e6d79a350d6e4d2d6e', NULL, 'rb_008@hotmail.com', NULL, '2013-10-26 00:28:56', 'RODRIGO', 'BENJAMÍN', 'ORMAZABAL', 'HUERTA', NULL, 0),
(18638870, 3, '9fd63b92ce4d70cbf35709bfc4b6de24', NULL, 'javisotof@gmail.com', NULL, '2013-10-26 00:28:56', 'JAVIERA', 'FERNANDA', 'SOTO', 'FONSECA', NULL, 0),
(18638972, 3, 'd559cb9bc8bdbdbdf920c4f5b4ccaf3d', NULL, 'legolaelfo@hotmail.com', NULL, '2013-10-26 00:28:49', 'NICOLÁS', 'ALBERTO', 'LÓPEZ', 'VILOS', NULL, 0),
(18640035, 3, '607a6d586ed74a8797014a3787865e73', NULL, 'migueltloz@gmail.com', NULL, '2013-10-26 00:28:45', 'MIGUEL', 'ANTONIO', 'MARTINEZ', 'VILLALON', NULL, 0),
(18640249, 3, 'd623142df73258a8a3b1f9f3c7a04602', NULL, 'shannenbruyer@gmail.com', NULL, '2013-10-26 00:28:47', 'SHANNEN', 'LOURDES', 'BRUYER', 'GEIS', NULL, 0),
(18641032, 3, '326bca8a1580b44b0254d1eb5d6452ad', NULL, 'czaballar@hotmail.com', NULL, '2013-10-26 00:28:50', 'CHRISTIAN', 'IGNACIO', 'ZABALLA', 'ROJAS', NULL, 0),
(18641483, 3, '0b2b023e0bcac76a05387e32af39ec0c', NULL, 'victor_ccsens@hotmail.com', NULL, '2013-10-26 00:28:58', 'VÍCTOR', 'KARL', 'BROCKWAY', 'MOURGUES', NULL, 0),
(18643028, 3, 'c31224208d4fc7c07f89a6a01977e28f', NULL, 'fffyanez@gmail.com', NULL, '2013-10-26 00:28:46', 'FRANCISCO', 'JAVIER', 'YÁÑEZ', 'SÁNCHEZ', NULL, 0),
(18645386, 3, '0eb46715720258058f61dc5b1d498021', NULL, 'daniela.valdiviam@usach.cl', NULL, '2013-10-26 00:28:59', 'DANIELA', 'PILAR', 'VALDIVIA', 'MUÑOZ', NULL, 0),
(18654746, 3, '2b00b2d625aca2f21ea5048842401594', NULL, 'fhenr94@gmail.com', NULL, '2013-10-26 00:28:56', 'FELIPE', 'ANDRÉS OSCAR', 'HENRÍQUEZ', 'ANDRADE', NULL, 0),
(18655384, 3, '5827ed962b88b71e81321aea8ccc9066', NULL, 'lara40023@gmail.com', NULL, '2013-10-26 00:28:47', 'FERNANDO', 'ENRIQUE', 'LARA', 'CAMPOS', NULL, 0),
(18660903, 3, '950e471c33e6619bf4367640ad2792a1', NULL, 'alan.vargas@usach.cl', NULL, '2013-10-26 00:28:51', 'ALAN', NULL, 'VARGAS', 'OSSA', NULL, 0),
(18661076, 3, '3e49bbd4d136959cabd44487c51f2d82', NULL, 'leostrato82@gmail.com', NULL, '2013-10-26 00:28:55', 'LEONARDO', 'JAVIER', 'CARRASCO', 'SALDIAS', NULL, 0),
(18661211, 3, 'def25409a7ef1f5722141f5a994d9b7c', NULL, 'juanse_1@hotmail.com', NULL, '2013-10-26 00:28:53', 'JUAN', 'SEBASTIÁN', 'AVILA', 'GONZALEZ', NULL, 0),
(18661549, 3, '96e83f46ea12169cbe5cd987147067bd', NULL, 'patricio.munozamigo@gmail.com', NULL, '2013-10-26 00:28:49', 'PATRICIO', 'IGNACIO', 'MUÑOZ', 'AMIGO', NULL, 0),
(18661571, 3, 'f4bd0ef435b6d0d49613feb0708a6b36', NULL, 'paul_aqueda@hotmail.com', NULL, '2013-10-26 00:28:51', 'PAUL', 'ALEJANDRO', 'AQUEDA', 'REGLA', NULL, 0),
(18661624, 3, '9cd4889ac595eb5af85684d72e75780a', NULL, 'paxlok_14@hotmail.com', NULL, '2013-10-26 00:28:52', 'FRANCISCO', 'ANDRÉS', 'TORRES', 'VERGARA', NULL, 0),
(18661884, 3, 'fc09199eebebd01f3e3749fef7e02318', NULL, 'joaaan@live.cl', NULL, '2013-10-26 00:28:56', 'JOAN', 'ANDREAS', 'PARRAO', 'RAMIREZ', NULL, 0),
(18662071, 3, 'd5ca46ebfab73694e081adeb5e4f2a3a', NULL, 'luck_mdo14@hotmail.com', NULL, '2013-10-26 00:28:55', 'LUKAS', 'JAVIER', 'BOZO', 'RAMIREZ', NULL, 0),
(18662083, 3, '6db7c8db97acff9588def8366c2e8918', NULL, 'adasme.cea@gmail.com', NULL, '2013-10-26 00:28:46', 'FABIÁN', 'ANDRÉS', 'ADASME', 'CEA', NULL, 0),
(18662203, 3, '88225711ed0043fb55375e1f32af3a9f', NULL, 'diego.polancob@usach.cl', NULL, '2013-10-26 00:28:46', 'DIEGO', 'IGNACIO', 'POLANCO', 'BERRÍOS', NULL, 0),
(18662646, 3, '0131d0ca730f0535a86087aba849edb4', NULL, 'rated-r@hotmail.es', NULL, '2013-10-26 00:28:52', 'FELIPE', 'IGNACIO', 'JOFRÉ', 'LABARCA', NULL, 0),
(18662861, 3, '3526f8c07a1d8997ef4b6208fb921130', NULL, 'martin.ortiz@usach.cl', NULL, '2013-10-26 00:28:55', 'MARTIN', 'ORLANDO', 'ORTIZ', 'BASUALTO', NULL, 0),
(18662925, 3, '43a2d9916330a61f1bbc7142435d262a', NULL, 'the.panx0@live.cl', NULL, '2013-10-26 00:28:50', 'FRANCISCO', 'DIEGO', 'MARTINEZ', 'ÁLVAREZ', NULL, 0),
(18663027, 3, '0e6e5f637fd776c84d4a76b8d8b555e3', NULL, 'wimax_55@hotmail.com', NULL, '2013-10-26 00:28:53', 'INTI', 'ALEJANDRO', 'GACITUA', 'CAMPOLO', NULL, 0),
(18663364, 3, '276b668ca51490de3e5d203cbceb9f60', NULL, 'arzola79@hotmail.com', NULL, '2013-10-26 00:28:58', 'FRANCISCA', 'CAROLINA', 'ARZOLA', 'READI', NULL, 0),
(18663701, 3, '5ca1a973d6370ced9f7aa2efefe6c766', NULL, 'diego.tello@usach.cl', NULL, '2013-10-26 00:28:57', 'DIEGO', 'IGNACIO', 'TELLO', 'ALBORNOZ', NULL, 0),
(18664043, 3, '0125fd8b93b49b404423f860a5237385', NULL, 'filip_azul@hotmail.com', NULL, '2013-10-26 00:28:49', 'FELIPE', 'IGNACIO', 'HIDALGO', 'AHUMADA', NULL, 0),
(18664162, 3, 'e76f66e612ed9826fd827b1e017bdb86', NULL, 'joze_art316@hotmail.com', NULL, '2013-10-26 00:28:49', 'JOSÉ', 'ALBERTO DE JESÚS', 'ORTEGA', 'BOCCA', NULL, 0),
(18664576, 3, '6a8f969c32e99d7de4766355d994846c', NULL, 'calipo.nyan@gmail.com', NULL, '2013-10-26 00:28:47', 'JOSÉ', 'CAMILO', 'TREUQUEMIL', 'MAUREIRA', NULL, 0),
(18664641, 3, '801e5f18feaadad646e3eb79749d0519', NULL, 'kesi_7@hotmail.com', NULL, '2013-10-26 00:28:45', 'KEVIN', 'IVÁN', 'SILVA', 'GÁLVEZ', NULL, 0),
(18664656, 3, 'fa7237fde436f6153d30d5b278d3a7e7', NULL, 'callmezarri@gmail.com', NULL, '2013-10-26 00:28:46', 'NICOLÁS', 'SALVADOR', 'MUÑOZ', 'ZARRICUETA', NULL, 0),
(18665010, 3, '7a502a8d03eeb79ba2a0487491bc102d', NULL, 'matias.cox@usach.cl', NULL, '2013-10-26 00:28:59', 'MATÍAS', 'IGNACIO', 'COX', 'VERDUGO', NULL, 0),
(18665371, 3, '33542dc5eaf73decd8ee22c5af6be320', NULL, 'miguel.mulchi@usach.cl', NULL, '2013-10-26 00:28:48', 'MIGUEL', 'IGNACIO', 'MULCHI', 'TORRES', NULL, 0),
(18665612, 3, '7ac66f25b83ea74aac4af57c7dffe5c6', NULL, 'jose.vega@usach.cl', NULL, '2013-10-26 00:28:58', 'JOSÉ', 'IGNACIO', 'VEGA', 'OLIVARES', NULL, 0),
(18665865, 3, '81cc49f613f30b85701cc71cc8956617', NULL, 'xx.dimaldo.xx@hotmail.com', NULL, '2013-10-26 00:28:53', 'DIEGO', 'LEONARDO', 'MALDONADO', 'FRANKE', NULL, 0),
(18665924, 3, '55ff95fb8ebef086cf21d00da80ac1ff', NULL, 'geass.cc@hotmail.com', NULL, '2013-10-26 00:28:48', 'ANDRÉS', 'ALBERTO', 'CORTES', 'RODRIGUEZ', NULL, 0),
(18665946, 3, '6ab2856d9341831697367740e025357a', NULL, 'javier.zunigah@usach.cl', NULL, '2013-10-26 00:28:53', 'JAVIER', 'IGNACIO', 'ZUÑIGA', 'HERRERA', NULL, 0),
(18666170, 3, 'd060b82fff7125c25be5b5d7122ca21d', NULL, 'x.jhuuannh.x@hotmail.com', NULL, '2013-10-26 00:28:48', 'JUAN', 'FRANCISCO JAVIER', 'GUTIERREZ', 'BUSTAMANTE', NULL, 0),
(18666677, 3, 'f8a151e3774655edb321c1ebc3dd509e', NULL, 'the-sicknes_@hotmail.com', NULL, '2013-10-26 00:28:55', 'TOMÁS', 'LIONEL', 'CACERES', 'HERNANDEZ', NULL, 0),
(18666692, 3, 'd7d711a37e65867c17a43ae465056cff', NULL, 'luis.tapia.a@usach.cl', NULL, '2013-10-26 00:28:44', 'LUIS', 'ALBERTO', 'TAPIA', 'ARAYA', NULL, 0),
(18667544, 3, '9cc4519d96bc3c483f539c37ca38c019', NULL, 'mariela.bahamondes@me.com', NULL, '2013-10-26 00:28:52', 'MARIELA', 'ALEJANDRA', 'BAHAMONDES', 'ROCHA', NULL, 0),
(18667939, 3, '483d1331e2f82217167fcbd1e3102cbd', NULL, 'mauri_ormeno@hotmail.com', NULL, '2013-10-26 00:28:55', 'MAURICIO', 'ALBERTO JESÚS', 'ORMEÑO', 'CAMPOS', NULL, 0),
(18668706, 3, 'a843b8244ec2c768091c455717b2ebbc', NULL, 'chanze650@hotmail.com', NULL, '2013-10-26 00:28:55', 'JUAN', 'SEBASTIÁN', 'SÁNCHEZ', 'CONTRERAS', NULL, 0),
(18668795, 3, '083110b7a8d9de1ce3aa6c63830ba205', NULL, 'oz_men_51@hotmail.com', NULL, '2013-10-26 00:28:49', 'OSMAN', 'FRANCO', 'LECAROS', 'DONAIRE', NULL, 0),
(18670526, 3, '537e5327d4fc0664546e436b949581ae', NULL, 'fabbgall@gmail.com', NULL, '2013-10-26 00:28:55', 'FABIAN', 'OMAR', 'GALLEGUILLO', 'HENRIQUEZ', NULL, 0),
(18672573, 3, '37baf892a33be8010509ac14c273756e', NULL, 'victor.hugo.563@gmail.com', NULL, '2013-10-26 00:28:44', 'VÍCTOR', 'HUGO', 'NUÑEZ', 'BUSTOS', NULL, 0),
(18673596, 3, '9db706dd1a1cbaa123e48b35b23d4e85', NULL, 'inventemeuncorreo@gmail.com', NULL, '2013-10-26 00:28:48', 'SEBASTIÁN', 'RODRIGO', 'CANTILLANA', 'AROS', NULL, 0),
(18674827, 3, '8ba591c0fa2549d655af439ca0bbb2b6', NULL, 'eretamalquijada@yahoo.com', NULL, '2013-10-26 00:28:48', 'EDGAR', 'ANDRÉS', 'RETAMAL', 'QUIJADA', NULL, 0),
(18688767, 3, '7c0a0c9e7b373ecde3ac338bf2336944', NULL, 'strenger.pash@live.com', NULL, '2013-10-26 00:28:48', 'PABLO', 'ANDRÉS', '.', 'HECKERSDORF', NULL, 0),
(18693342, 3, '4ecc92e1f0507bdeb1b932b6e436a667', NULL, 'masc_2.0@hotmail.es', NULL, '2013-10-26 00:28:45', 'MIGUEL', 'ÁNGEL', 'SANTIS', 'CASTRO', NULL, 0),
(18694886, 3, '0f30bc6befc63310ce27c254f609be37', NULL, 'fabian.perezcol@gmail.com', NULL, '2013-10-26 00:28:57', 'FABIÁN', 'ANDRÉS', 'PÉREZ', 'COLOMA', NULL, 0),
(18706850, 3, '49924a5f2f3d7cb35bcc928680a1db5f', NULL, 'zefiro_1993@hotmail.com', NULL, '2013-10-26 00:28:57', 'JUAN', 'GABRIEL JESÚS', 'GONZALEZ', 'BURGOS', NULL, 0),
(18707709, 3, '098cb5c1c3eb67c40975429a94dfffc0', NULL, 'antocarob@hotmail.com', NULL, '2013-10-26 00:28:52', 'CONSTANZA', 'ANTONIA', 'CARO', 'BRAVO', NULL, 0),
(18707734, 3, '31b615bcb156a1c7b4fe99ace31ff033', NULL, 'felipe.alvarezs@usach.cl', NULL, '2013-10-26 00:28:54', 'FELIPE', 'ANDRÉS', 'ÁLVAREZ', 'SÁNCHEZ', NULL, 0),
(18710293, 3, '6b7392cce576d25ef4ea611689a72aae', NULL, 'gabriel.julio@usach.cl', NULL, '2013-10-26 00:28:44', 'GABRIEL', 'ARMANDO', 'JULIO', 'RAMIREZ', NULL, 0),
(18717359, 3, '306c8756554609a86dc28435aa8f3c30', NULL, 'gnxzap@hotmail.cl', NULL, '2013-10-26 00:28:52', 'GONZALO', 'FERNANDO', 'LOPEZ', 'GONZALEZ', NULL, 0),
(18719535, 3, '3ec27be764798546113ae93d73b0d95a', NULL, 'mauro.osorio6@outlook.com', NULL, '2013-10-26 00:28:47', 'MAURICIO', 'JAVIER', 'OSORIO', 'RAPIMAN', NULL, 0),
(18720109, 3, '3787fada417514b304b8d4f04cf82e71', NULL, 'titos260@hotmail.com', NULL, '2013-10-26 00:28:47', 'CLAUDIO', 'HÉCTOR', 'CANALES', 'DONOSO', NULL, 0),
(18725331, 3, 'c4b22b433fa2979db9d2c49dfd1ad28a', NULL, 'luciano_css@hotmail.com', NULL, '2013-10-26 00:28:51', 'LUCIANO', 'ANTONIO', 'ARRIAGADA', 'LEE', NULL, 0),
(18730267, 3, '24b28ce61dd5d4cc5cf814866732db97', NULL, 'c.navas.reyes@gmail.com', NULL, '2013-10-26 00:28:49', 'CRISTHOFER', 'DAVID', 'NAVAS', 'REYES', NULL, 0),
(18730851, 3, '9e39d7c87d25dd4b8b643a9a5f897b00', NULL, 'rms_100@hotmail.cl', NULL, '2013-10-26 00:28:53', 'RODRIGO', 'ANDRÉS', 'MACHUCA', 'SAAVEDRA', NULL, 0),
(18730904, 3, '1c9cd06ff4d5eb0eedff9d6a5b479824', NULL, 'nicolas.retamales@usach.cl', NULL, '2013-10-26 00:28:47', 'NICOLÁS', 'IGNACIO', 'RETAMALES', 'PIÑA', NULL, 0),
(18731401, 3, 'f83d1a7f2315f8130381d6b8c761976c', NULL, 'shamir.hadad@usach.cl', NULL, '2013-10-26 00:28:56', 'SHAMIR', 'ISKANDAR', 'HADAD', 'BARRERA', NULL, 0),
(18736833, 3, '08dfa34fd2f97d07319163db03eaa574', NULL, 'apple_brachyan@hotmail.com', NULL, '2013-10-26 00:28:46', 'BRYAN', 'ANDRÉS', 'RETAMAL', 'ARRIAGADA', NULL, 0),
(18736893, 3, 'abe4a164a2d934fcaefed63deefc0b96', NULL, 'grunge.luxo@live.cl', NULL, '2013-10-26 00:28:56', 'LUIS', 'ADAN', 'ALVARADO', 'JEREZ', NULL, 0),
(18736926, 3, 'eaa163456d19000b8aa098637c7715d0', NULL, 'by.criiss@gmail.com', NULL, '2013-10-26 00:28:49', 'CRISTOFER', 'OMAR', 'SEPULVEDA', 'CONTRERAS', NULL, 0),
(18737710, 3, '77adce1afefd1387287173b1dfa48fd4', NULL, 'cheilun@hotmail.com', NULL, '2013-10-26 00:28:57', 'SEBASTIÁN', 'JULIO CÉSAR', 'RAMIREZ', 'BUSTAMANTE', NULL, 0),
(18738270, 3, 'b06da6454bc7ba3a80c560d91d7a5861', NULL, 'angeela.-@hotmail.es', NULL, '2013-10-26 00:28:59', 'ÁNGELA', 'ANDREA', 'BARRIENTOS', 'RÍOS', NULL, 0),
(18738479, 3, 'ec146c473b1ed35a7da4d66b753804b3', NULL, 'leytonstefany@gmail.com', NULL, '2013-10-26 00:28:49', 'STEFANY', 'ANDREA', 'LEYTON', 'MANCILLA', NULL, 0),
(18738587, 3, '6a39f6da490f6f123d32d6b1bfd92a29', NULL, 'mat_ge_05@live.cl', NULL, '2013-10-26 00:28:50', 'MATÍAS', 'IGNACIO', 'LOPEZ', 'SOTO', NULL, 0),
(18738691, 3, '3ae3cf6bd3c23457a85676235938431e', NULL, 'manel.cu@gmail.com', NULL, '2013-10-26 00:28:45', 'MANEL', 'LIWEN EDUARDO', 'CURILEN', 'LOPEZ', NULL, 0),
(18747616, 3, '603e1d266223d48ab4e780b80d2a5d10', NULL, 'zoldik__@hotmail.com', NULL, '2013-10-26 00:28:48', 'JOAQUIN', 'ANDRÉS', 'LAINEZ', 'HERNANDEZ', NULL, 0),
(18747860, 3, '13e3c3dc419f11568a58494f973a4384', NULL, 'esteban.sepulvedao@usach.cl', NULL, '2013-10-26 00:28:44', 'ESTEBAN', 'SEBASTIÁN', 'SEPULVEDA', 'OLGUÍN', NULL, 0),
(18748661, 3, 'c7f8e4e0e1adf082a60c7068b844a5bd', NULL, 'a.goodlife._@live.cl', NULL, '2013-10-26 00:28:52', 'MARION', 'ANDREA', 'PAILAHUEQUE', 'LLANCAFIL', NULL, 0);
INSERT INTO `usuario` (`RUT_USUARIO`, `ID_TIPO`, `PASSWORD_PRIMARIA`, `PASSWORD_TEMPORAL`, `CORREO1_USER`, `CORREO2_USER`, `VALIDEZ`, `NOMBRE1`, `NOMBRE2`, `APELLIDO1`, `APELLIDO2`, `TELEFONO`, `LOGUEABLE`) VALUES
(18748956, 3, 'f92b8ddbfdef2f890b9d0cea7841ce3d', NULL, 'francisca.donoson@usach.cl', NULL, '2013-10-26 00:28:59', 'FRANCISCA', 'ALISSON', 'DONOSO', 'NUÑEZ', NULL, 0),
(18754631, 3, '4c76b1dfa3126048839066deb2460494', NULL, 'constanza.correa@usach.cl', NULL, '2013-10-26 00:28:58', 'CONSTANZA', 'ANDREA', 'CORREA', 'ROJAS', NULL, 0),
(18755945, 3, '503609e8883f652f832374507f413a57', NULL, 'juan_antonio_gon@live.com', NULL, '2013-10-26 00:28:52', 'JUAN', 'ANTONIO', 'GONZALEZ', 'CORTES', NULL, 0),
(18756867, 3, 'c89381aa46c5a50b08b6c5806f1b611a', NULL, 'rfajardoba@gmail.com', NULL, '2013-10-26 00:28:52', 'RICARDO', 'ALEXANDER', 'FAJARDO', 'BARRAZA', NULL, 0),
(18765662, 3, '7a7d525f1a7c99a4c9fe1667b8075730', NULL, 'tammyy.garcia@hotmail.com', NULL, '2013-10-26 00:28:55', 'TAMARA', 'ANDREA', 'GARCIA', 'LATORRE', NULL, 0),
(18766564, 3, '2c8dd033d60f06cc045da64f4145107e', NULL, 'dog_furiels@hotmail.com', NULL, '2013-10-26 00:28:51', 'LUIS', 'ALBERTO', 'ROJAS', 'IBARRA', NULL, 0),
(18782120, 3, '0d392fdf3fc97eddc2d187af562b97bf', NULL, 'francisco.jeldres@usach.cl', NULL, '2013-10-26 00:28:52', 'FRANCISCO', 'JAVIER DANILO', 'JELDRES', 'FUENTES', NULL, 0),
(18794263, 3, '45f2c1757b8402e65bfcafc64b0539f1', NULL, 'sergio.jaquede@usach.cl', NULL, '2013-10-26 00:28:52', 'SERGIO', 'MOISÉS', 'JAQUE', 'DE LA JARA', NULL, 0),
(18794528, 3, '9a762936fa2068e63e2efc4e84f64e7f', NULL, 'colguintorres@gmail.com', NULL, '2013-10-26 00:28:57', 'CHRISTOPHER', 'EDUARDO', 'OLGUÍN', 'TORRES', NULL, 0),
(18795655, 3, '088160aa47530e1bf612d8ef97e77c2e', NULL, 'holasdf-@hotmail.com', NULL, '2013-10-26 00:28:45', 'CAMILO', 'ALEJANDRO', 'DÍAZ', 'MALLEA', NULL, 0),
(18798410, 3, '2dbda9a3fee9964175490bd2b59c04c2', NULL, 'barbara.silva@usach.cl', NULL, '2013-10-26 00:28:50', 'BARBARA', 'VALENTINA', 'SILVA', 'CISTERNA', NULL, 0),
(18801213, 3, 'f3a5ffd8df393671ae16f38f44ca338d', NULL, 'jm.castillocaileo@gmail.com', NULL, '2013-10-26 00:28:53', 'JOSE', 'MANUEL', 'CASTILLO', 'CAILEO', NULL, 0),
(18807576, 3, 'd47d9c2458fa003904e3835684a1eae9', NULL, 'fgonzalez.isc@gmail.com', NULL, '2013-10-26 00:28:55', 'FELIPE', 'IGNACIO', 'GONZALEZ', 'CARO', NULL, 0),
(18828853, 3, 'eb54f61c9f1c14507653858aee85b964', NULL, 'nacho.cl@live.com', NULL, '2013-10-26 00:28:45', 'EDUARDO', 'IGNACIO', 'CASTILLO', 'LOPEZ', NULL, 0),
(18829874, 3, 'bc0b9b9fd84ce64f9a0efc94a04d9143', NULL, 'kevin-ska-p@hotmail.com', NULL, '2013-10-26 00:28:47', 'KEVIN', 'AXEL', 'BECAR', 'ESPARZA', NULL, 0),
(18829921, 3, 'a22e380a73948c8991c1f1b20689043f', NULL, 'sebastian.contreraso@usach.cl', NULL, '2013-10-26 00:28:53', 'SEBASTIÁN', 'EMILIO', 'CONTRERAS', 'ORELLANA', NULL, 0),
(18830359, 3, '3eec9019e466b54d7784a6773756181c', NULL, 'kony_kaf@hotmail.com', NULL, '2013-10-26 00:28:55', 'CONSTANZA', 'LORENA', 'MARTINEZ', 'RIVERA', NULL, 0),
(18830395, 3, 'c957d3524caa88403c257c85fa2230e7', NULL, 'blaze_x2@hotmail.com', NULL, '2013-10-26 00:28:45', 'PEDRO', 'PABLO', 'ZAMBRANO', 'ARANDA', NULL, 0),
(18835076, 3, 'b985b38dc623deb9b1fd39a9b7dcc30f', NULL, 'matias.razor.94@gmail.com', NULL, '2013-10-26 00:28:54', 'MATÍAS', 'FÉLIX', 'RODRÍGUEZ', 'QUEZADA', NULL, 0),
(18835965, 3, '9e5598d944be267bcf474ed0a2016891', NULL, 'matiasignacio9@live.com', NULL, '2013-10-26 00:28:55', 'MATÍAS', 'IGNACIO', 'VERGARA', 'OROZCO', NULL, 0),
(18836025, 3, 'e4a808c2072dc1ae082ac15c2aaaf13c', NULL, 'byblopa20@gmail.com', NULL, '2013-10-26 00:28:55', 'PABLO', 'EMANUEL', 'GÓMEZ', 'MALUENDA', NULL, 0),
(18836079, 3, '6b4fe03c162f5bcfc60f857907c83ece', NULL, 'rodrigo.ugasv@gmail.com', NULL, '2013-10-26 00:28:50', 'RODRIGO', 'VICENTE', 'UGAS', 'VELOZO', NULL, 0),
(18836292, 3, '4adbb8ed1c7c9883902f28bd50df6926', NULL, 'oebc_07@hotmail.com', NULL, '2013-10-26 00:28:57', 'OMAR', 'ENRIQUE', 'BENÍTEZ', 'CORNEJO', NULL, 0),
(18839681, 3, 'cb0539601b412a8a42bcbc3a374ec2f3', NULL, 'barbara-alfaro@hotmail.com', NULL, '2013-10-26 00:28:55', 'BÁRBARA', 'NYCOL', 'ALFARO', 'ESPINOZA', NULL, 0),
(18839816, 3, 'adb0b5eff9954e22b57e90b7e78a88e5', NULL, 'juan.ausensi@usach.cl', NULL, '2013-10-26 00:28:53', 'JUAN', 'PABLO', 'AUSENSI', 'SOTO', NULL, 0),
(18840818, 3, '151edfb8f4d52dd7d7efe54758c0c504', NULL, 'cross14.cv@gmail.com', NULL, '2013-10-26 00:28:46', 'CLAUDIO', 'IGNACIO', 'VERGARA', 'VILLOUTA', NULL, 0),
(18847934, 3, '430f6351dc61c4aa3bd4bd97f513c3b5', NULL, 'joaquin.villagra@usach.cl', NULL, '2013-10-26 00:28:45', 'JOAQUÍN', 'IGNACIO', 'VILLAGRA', 'PACHECO', NULL, 0),
(18861821, 3, '6b790eb7d8e9eae41d9d31ad18b517fa', NULL, 'artemis_kmy@hotmail.com', NULL, '2013-10-26 00:28:45', 'CAMILA', 'MARGARITA', 'MÁRQUEZ', 'CARRASCO', NULL, 0),
(18861907, 3, '1cab946cf8ea40617c789e55f318c22f', NULL, 'francisca.mch@gmail.com', NULL, '2013-10-26 00:28:54', 'FRANCISCA', 'DANIELA', 'MARDONES', 'CHOMALÍ', NULL, 0),
(18862571, 3, '0fabd7527efb332b4349ecf85de1c22a', NULL, 'tu.lady.tiaree@live.com', NULL, '2013-10-26 00:28:53', 'TIARE', 'CONSTANZA', 'VÁSQUEZ', 'BAZAES', NULL, 0),
(18868747, 3, '78171a456055d683325d3f19c9c9b54c', NULL, 'rob_alf@hotmail.cl', NULL, '2013-10-26 00:28:50', 'ROBERTO', 'IGNACIO', 'ALFARO', 'ALCAYAGA', NULL, 0),
(18879079, 3, '17eb4d23bd03ab72ca81d519965a014a', NULL, 'franklinignacio10@gmail.com', NULL, '2013-10-26 00:28:56', 'FRANKLIN', 'IGNACIO', 'MUÑOZ', 'MORALES', NULL, 0),
(18881820, 3, '6e6b5fe12ae51be82cb45ad5a92b3360', NULL, 'aicerdai@colegioidop.cl', NULL, '2013-10-26 00:28:44', 'ABRAHAM', 'IGNACIO', 'CERDA', 'ITURRA', NULL, 0),
(18907715, 3, '0344c66b36b9680aa73c52db196e6eb5', NULL, 'segoe_markrat@hotmail.com', NULL, '2013-10-26 00:28:43', 'JAVIER', 'ANDRÉS', 'BECERRA', 'JARA', NULL, 0),
(18909080, 3, '805908dcad0e15065177b4ac016abe18', NULL, 'rokho_11@hotmail.com', NULL, '2013-10-26 00:28:44', 'RODRIGO', 'ESTEBAN', 'GONZÁLEZ', 'FARÍAS', NULL, 0),
(18911481, 3, 'bd40765d36902cac826ad082263a97fe', NULL, 'ismaelpg.92@gmail.com', NULL, '2013-10-26 00:28:53', 'ISMAEL', 'AMARO', 'PÉREZ', 'GUTIÉRREZ', NULL, 0),
(18913090, 3, 'ddfa08382ed8cc5c06a96bc887b0a1a2', NULL, 'xhiiio_mateita@hotmail.com', NULL, '2013-10-26 00:28:48', 'ROCÍO', 'RAYEN', 'ALARCON', 'LIPIN', NULL, 0),
(18928956, 3, '990f6eab6e175e761924dc71bbb557ff', NULL, 'gonzalo.delgadodelafuente@gmail.com', NULL, '2013-10-26 00:28:45', 'GONZALO', 'IGNACIO', 'DELGADO', 'DE LA FUENTE', NULL, 0),
(18936791, 3, 'dcd580142933f09da3b342c6a47e4016', NULL, 'trujilloe.carolina@gmail.com', NULL, '2013-10-26 00:28:53', 'CAROLINA', 'ANDREA', 'TRUJILLO', 'ESPINOZA', NULL, 0),
(18950489, 3, 'c427d5044446cfa9a3075e1463a6c0f4', NULL, 'alee_pq_nico@hotmail.com', NULL, '2013-10-26 00:28:49', 'ALEJANDRA', 'NICOLE', 'PÉREZ', 'QUINTANA', NULL, 0),
(18953634, 3, '211e0e61dc23e620b90934d8436bea77', NULL, 'matias.r.mazzeo@hotmail.com', NULL, '2013-10-26 00:28:47', 'MATÍAS', 'ANTONINO', 'RIQUELME', 'MAZZEO', NULL, 0),
(18955033, 3, '3c792652f075dd6777e98634407cc960', NULL, 'seba.rojas1@live.cl', NULL, '2013-10-26 00:28:54', 'SEBASTIÁN', 'ARTURO', 'ROJAS', 'PRIDA', NULL, 0),
(18975212, 3, 'a8e2cab5a3662b6f1e9de6b57eccf0ea', NULL, 'h.fuentealba.1031@institutonacional.cl', NULL, '2013-10-26 00:28:49', 'HÉCTOR', 'EDUARDO', 'FUENTEALBA', 'PELAYO', NULL, 0),
(18977923, 3, '0fa3845efa03bf2ace20b08fe0c06b29', NULL, 'nakato_kun@hotmail.com', NULL, '2013-10-26 00:28:45', 'PABLO', 'ANTONIO', 'CANCINO', 'VERGARA', NULL, 0),
(18988215, 3, '4d284669bc02e24ca9c485bd44df4b9e', NULL, 'jaison.cornejo@usach.cl', NULL, '2013-10-26 00:28:54', 'JAISON', 'FRANCISCO', 'CORNEJO', 'GÓMEZ', NULL, 0),
(18990382, 3, '9f53d102d5c4d23edd27d6596490b079', NULL, 'franco.sepulveda@usach.cl', NULL, '2013-10-26 00:28:55', 'FRANCO', NULL, 'SEPÚLVEDA', 'DÍAZ', NULL, 0),
(18992158, 3, '9f2c9fbaa65c14a27172e7d5ccfecee1', NULL, 'richard_atc@hotmail.com', NULL, '2013-10-26 00:28:47', 'RICHARD', 'ANTHONY', 'TORTI', 'CASTILLO', NULL, 0),
(19002843, 3, '29fc0b86a202921bd667b9a599112e4d', NULL, 'atroquianramirez@gmail.com', NULL, '2013-10-26 00:28:45', 'ÁLVARO', 'AGUSTÍN', 'TROQUIAN', 'RAMÍREZ', NULL, 0),
(19004593, 3, '16618826912813197fe37585a9d706ff', NULL, 'sebastianmolina.r@hotmail.com', NULL, '2013-10-26 00:28:55', 'SEBASTIÁN', 'ANDRÉS', 'MOLINA', 'ROJAS', NULL, 0),
(19022489, 3, 'c467251a650d81c173255c6ba5d1a270', NULL, 'alexander.ylj@gmail.com', NULL, '2013-10-26 00:28:53', 'YZHANN', 'LAUX ALEXANDER', 'JHONSON', 'CONCHA', NULL, 0),
(19031346, 3, '71e3f5b0b6b923514fe30e4f5aa0328e', NULL, 'iguanixi_guty@hotmail.es', NULL, '2013-10-26 00:28:54', 'CRISTIAN', 'JESÚS', 'GUTIÉRREZ', 'RAMOS', NULL, 0),
(19031762, 3, '087d913d0a186df3490619f3275668a1', NULL, 'rudario95@hotmail.com', NULL, '2013-10-26 00:28:44', 'RUBÉN', 'DARÍO', 'FUENTES', 'PACHECO', NULL, 0),
(19035503, 3, '1571ef443baf763a765ff79f3d028bdc', NULL, 'diego.rojasescobar@gmail.com', NULL, '2013-10-26 00:28:56', 'DIEGO', 'IGNACIO', 'ROJAS', 'ESCOBAR', NULL, 0),
(19457124, 3, '49936e2dac07f7664df4615f2b2a74dc', NULL, 'pablo.santana@usach.cl', NULL, '2013-10-26 00:28:55', 'PABLO', 'ANDRÉS', 'SANTANA', 'CUADRA', NULL, 0),
(19654902, 3, '6537c6f9fa7655edab859325de997c6b', NULL, 'crojaspizzolo@yahoo.com.ar', NULL, '2013-10-26 00:28:52', 'CALEB', 'PABLO ANDRÉS', 'ROJAS', 'PIZZOLO', NULL, 0),
(19655613, 3, 'caae2127c16dda2e69b7bb763dbaac12', NULL, 'the_favio13@hotmail.com', NULL, '2013-10-26 00:28:47', 'FAVIO', 'CÉSAR', 'CARRANZA', 'MERINO', NULL, 0),
(19656488, 3, '7f779b16ce3fb5a027959b5d8c1e8ada', NULL, 'ak.666.16@gmail.com', NULL, '2013-10-26 00:28:52', 'RAÚL', 'ERNESTO', 'CARMONA', 'PÉREZ', NULL, 0),
(20683721, 3, '7b537be7136406a10d0f940e18a94413', NULL, 'kevin-urra@hotmail.com', NULL, '2013-10-26 00:28:54', 'KEVIN', 'ANDRÉS', 'URRA', 'ALVISO', NULL, 0),
(21480019, 3, '2484a92a8a43fb10a58e4d0c566263b9', NULL, 'cutelullaby@live.cl', NULL, '2013-10-26 00:28:47', 'CATALINA', 'ANDREA', 'BADILLA', 'QUIÑONES', NULL, 0),
(21739194, 3, '085cf32fc08da19a52a5ff4201110918', NULL, 'marianoretamozo@gmail.com', NULL, '2013-10-26 00:28:50', 'MARIANO', 'SEBASTIAN', 'RETAMOZO', 'BALBUENA', NULL, 0),
(22228667, 3, '8ae087a7c76a7cc73979852f987711c8', NULL, 'ivo.fritzler@usach.cl', NULL, '2013-10-26 00:28:48', 'IVO', 'ALAN ALBERTO', 'FRITZLER', 'SANDOVAL', NULL, 0),
(22507657, 3, 'dc8b9fd8acb9c8a28da3ffc01bd6ddcc', NULL, 'fabian-pblt@hotmail.com', NULL, '2013-10-26 00:28:57', 'FABIÁN', 'ANTONIO', 'POBLETE', 'SALAZAR', NULL, 0),
(23026265, 3, 'a8d47c4e8fa5f31cfdfd8606ec24dafe', NULL, 'miguel_aries_xm@hotmail.com', NULL, '2013-10-26 00:28:54', 'MIGUEL', 'ÁNGEL', 'MANGO', 'VALGA', NULL, 0);


--
-- Volcado de datos para la tabla `coordinador`
--

INSERT INTO `coordinador` (`RUT_USUARIO`, `ID_COORDINADOR`) VALUES
(17565743, 1);


--
-- Volcado de datos para la tabla `profesor`
--

INSERT INTO `profesor` (`RUT_USUARIO`, `ID_TIPO_PROFESOR`, `ID_PROFESOR`) VALUES
(6784536, 1, 7),
(7387515, 1, 16),
(8408132, 1, 14),
(9218017, 1, 11),
(10203469, 2, 9),
(10441662, 1, 18),
(12248027, 2, 8),
(12446856, 1, 15),
(12677293, 1, 17),
(13891495, 1, 12),
(16125230, 1, 10),
(16240076, 1, 13);



--
-- Volcado de datos para la tabla `ayudante`
--

INSERT INTO `ayudante` (`RUT_USUARIO`, `ID_AYUDANTE`) VALUES
(17242754, 1);


--
-- Volcado de datos para la tabla `ayu_profe`
--

INSERT INTO `ayu_profe` (`ID_AYU_PROFE`, `RUT_USUARIO`, `PRO_RUT_USUARIO`) VALUES
(7, NULL, 6784536),
(8, NULL, 12248027),
(9, NULL, 10203469),
(10, NULL, 16125230),
(11, NULL, 9218017),
(12, NULL, 13891495),
(13, NULL, 16240076),
(14, NULL, 8408132),
(15, NULL, 12446856),
(16, NULL, 7387515),
(17, NULL, 12677293),
(18, NULL, 10441662);


--
-- Volcado de datos para la tabla `equipo_profesor`
--

INSERT INTO `equipo_profesor` (`ID_EQUIPO`, `ID_MODULO_TEM`) VALUES
(3, 3),
(4, 4),
(5, 5);


--
-- Volcado de datos para la tabla `profe_equi_lider`
--

INSERT INTO `profe_equi_lider` (`ID_EQUIPO`, `RUT_USUARIO`, `LIDER_PROFESOR`) VALUES
(3, 10203469, 1),
(3, 10441662, 0),
(3, 9218017, 0),
(3, 8408132, 0),
(3, 12446856, 0),
(4, 6784536, 1),
(4, 16240076, 0),
(4, 16125230, 0),
(5, 12248027, 1),
(5, 12677293, 0),
(5, 13891495, 0),
(5, 7387515, 0),
(5, 10203469, 0);


--
-- Volcado de datos para la tabla `estudiante`
--

INSERT INTO `estudiante` (`RUT_USUARIO`, `COD_CARRERA`, `ID_SECCION`, `ID_ESTUDIANTE`) VALUES
(12112181, 1361, 24, 31),
(14744906, 1367, 5, 176),
(14746153, 1361, 4, 120),
(14757728, 1367, 18, 580),
(15462855, 1359, 21, 672),
(15783074, 1361, 2, 81),
(16147123, 1353, 3, 106),
(16357179, 1353, 3, 92),
(16387103, 1353, 2, 73),
(16387322, 1367, 11, 367),
(16390673, 1352, 19, 594),
(16471610, 1355, 14, 433),
(16476924, 1341, 20, 624),
(16523101, 1357, 7, 206),
(16543640, 1359, 7, 237),
(16639041, 1353, 10, 309),
(16681267, 1368, 16, 516),
(16724573, 1364, 16, 514),
(16817059, 1359, 21, 676),
(16840620, 1366, 12, 389),
(16915876, 1353, 10, 324),
(16936865, 1340, 21, 650),
(16951820, 1341, 20, 636),
(16979307, 1365, 16, 517),
(16987293, 1349, 18, 571),
(17082520, 1367, 8, 273),
(17089440, 1351, 11, 354),
(17089895, 1367, 8, 242),
(17116106, 1349, 16, 506),
(17139441, 1351, 3, 98),
(17149207, 1351, 10, 305),
(17152959, 1355, 15, 476),
(17170105, 1357, 7, 217),
(17189787, 1351, 24, 45),
(17206406, 1363, 24, 39),
(17218888, 1357, 12, 381),
(17234761, 1367, 5, 159),
(17239596, 1353, 4, 111),
(17251459, 1357, 12, 378),
(17275330, 1366, 5, 162),
(17284681, 1362, 20, 639),
(17301438, 1349, 8, 243),
(17308523, 1363, 3, 101),
(17312162, 1365, 11, 360),
(17315214, 1364, 14, 449),
(17316263, 1368, 17, 528),
(17317312, 1340, 19, 601),
(17317816, 1369, 19, 596),
(17318591, 1351, 3, 85),
(17318610, 1361, 24, 26),
(17319119, 1361, 2, 65),
(17325234, 1366, 6, 199),
(17366091, 1368, 11, 351),
(17411640, 1356, 9, 291),
(17418986, 1353, 8, 271),
(17419076, 1366, 10, 333),
(17429438, 1361, 24, 42),
(17463391, 1369, 19, 599),
(17485285, 1357, 11, 348),
(17488575, 1368, 14, 455),
(17489921, 1349, 12, 385),
(17506977, 1365, 18, 573),
(17516963, 1341, 19, 604),
(17519347, 1367, 5, 149),
(17521641, 1351, 2, 71),
(17523497, 1369, 20, 618),
(17525264, 5367, 11, 336),
(17527493, 5352, 21, 674),
(17545814, 1340, 20, 622),
(17546763, 1353, 10, 330),
(17565600, 1367, 5, 151),
(17585951, 1365, 18, 582),
(17596366, 1355, 17, 530),
(17597736, 1365, 17, 547),
(17600068, 1366, 11, 365),
(17642325, 1363, 24, 24),
(17651162, 1357, 10, 310),
(17656843, 1364, 17, 529),
(17663769, 1341, 20, 623),
(17672625, 1368, 16, 491),
(17677398, 1367, 6, 196),
(17677686, 1353, 4, 124),
(17680371, 1349, 18, 563),
(17680638, 1363, 3, 104),
(17681913, 1340, 19, 607),
(17703289, 1367, 9, 278),
(17704528, 1353, 24, 47),
(17708387, 1366, 11, 358),
(17709039, 1340, 19, 585),
(17715392, 1362, 20, 628),
(17722085, 1355, 16, 503),
(17733815, 1363, 10, 331),
(17771820, 1363, 10, 308),
(17777972, 1365, 14, 453),
(17788284, 1366, 12, 388),
(17796895, 1363, 3, 97),
(17810684, 1367, 9, 283),
(17811841, 1353, 10, 321),
(17826956, 1367, 6, 189),
(17837124, 1353, 2, 72),
(17838076, 1353, 3, 91),
(17838292, 1351, 3, 100),
(17838435, 1369, 21, 664),
(17839028, 1354, 18, 558),
(17839641, 1361, 3, 103),
(17841031, 1365, 17, 552),
(17849210, 1363, 4, 126),
(17852445, 1369, 19, 590),
(17859671, 1353, 2, 49),
(17875307, 1349, 7, 207),
(17876697, 1363, 2, 52),
(17880326, 1355, 18, 562),
(17881739, 1357, 10, 313),
(17902689, 1361, 4, 117),
(17904578, 1353, 24, 27),
(17908180, 1361, 4, 115),
(17908319, 1351, 24, 33),
(17920291, 1365, 17, 535),
(17921336, 1354, 14, 441),
(17922319, 1363, 4, 125),
(17929575, 1367, 10, 314),
(17942370, 1356, 6, 185),
(17953588, 1363, 4, 130),
(17956639, 1367, 9, 292),
(17959556, 1353, 3, 105),
(17961578, 1367, 9, 281),
(17962438, 1359, 21, 675),
(17965478, 1366, 12, 392),
(17966849, 1365, 19, 591),
(17967062, 1365, 17, 537),
(17968547, 1357, 11, 343),
(18003318, 1366, 12, 391),
(18006161, 1340, 21, 659),
(18006329, 1351, 8, 269),
(18015608, 1368, 14, 459),
(18020991, 1367, 11, 338),
(18021392, 1365, 14, 446),
(18022257, 1365, 17, 531),
(18023678, 1365, 17, 522),
(18024714, 1367, 9, 289),
(18025613, 1363, 24, 38),
(18025948, 1351, 24, 43),
(18026471, 1341, 20, 633),
(18026674, 1365, 17, 546),
(18029394, 1365, 15, 468),
(18030776, 1356, 11, 362),
(18030989, 1366, 8, 249),
(18039487, 1368, 17, 543),
(18039510, 1354, 15, 478),
(18041843, 1366, 8, 267),
(18044980, 1363, 10, 325),
(18046618, 1368, 13, 421),
(18050075, 1359, 20, 642),
(18054789, 1341, 19, 606),
(18055535, 1341, 21, 649),
(18057399, 1351, 10, 302),
(18058735, 1363, 24, 37),
(18059292, 1361, 8, 252),
(18059591, 1361, 2, 69),
(18061590, 1363, 4, 129),
(18061846, 1353, 4, 127),
(18061939, 1351, 3, 88),
(18064163, 1363, 3, 102),
(18066545, 1357, 18, 575),
(18072368, 1367, 6, 182),
(18072390, 1368, 13, 414),
(18078418, 1359, 21, 670),
(18081926, 1365, 17, 551),
(18082867, 1369, 20, 620),
(18084048, 1365, 16, 499),
(18087280, 1365, 17, 538),
(18091915, 1356, 5, 160),
(18099002, 1365, 18, 560),
(18105111, 1341, 20, 641),
(18105176, 5367, 11, 355),
(18117246, 1363, 4, 134),
(18118823, 1356, 5, 167),
(18119676, 1356, 12, 375),
(18120647, 1369, 21, 667),
(18120650, 1369, 20, 631),
(18120791, 1359, 21, 657),
(18121168, 1365, 17, 553),
(18121214, 1349, 13, 398),
(18121794, 1367, 7, 230),
(18122259, 1341, 19, 608),
(18122351, 1365, 13, 404),
(18122427, 1367, 6, 204),
(18123304, 1361, 4, 138),
(18124749, 1361, 8, 264),
(18127100, 1361, 19, 588),
(18127268, 1365, 18, 569),
(18127315, 1364, 13, 409),
(18135005, 1367, 9, 279),
(18143850, 1365, 18, 579),
(18148643, 1363, 24, 21),
(18150833, 1368, 7, 226),
(18153956, 5367, 18, 583),
(18155666, 1367, 6, 188),
(18155747, 1367, 5, 170),
(18166094, 1361, 2, 48),
(18167618, 1349, 14, 457),
(18168962, 1365, 8, 258),
(18169367, 1365, 17, 536),
(18169934, 1359, 19, 602),
(18170501, 1366, 6, 205),
(18170682, 1353, 4, 142),
(18171404, 1365, 14, 460),
(18171724, 1369, 19, 610),
(18172591, 1361, 4, 121),
(18172623, 1365, 18, 557),
(18172819, 1367, 12, 386),
(18173244, 1340, 21, 669),
(18176519, 1365, 18, 566),
(18177517, 1367, 11, 349),
(18187685, 1368, 15, 471),
(18194282, 1357, 5, 156),
(18197065, 1367, 6, 184),
(18209945, 1366, 11, 361),
(18210367, 1354, 12, 373),
(18210407, 1366, 11, 341),
(18210572, 1356, 6, 195),
(18211230, 1361, 2, 74),
(18211353, 1366, 6, 200),
(18211466, 1366, 10, 323),
(18211785, 1361, 24, 36),
(18211944, 1367, 5, 153),
(18213131, 1361, 2, 67),
(18220232, 1363, 3, 94),
(18220890, 1363, 2, 62),
(18222367, 1368, 14, 437),
(18227446, 1366, 11, 356),
(18230735, 5357, 5, 173),
(18242886, 1361, 8, 240),
(18244771, 1361, 8, 254),
(18245726, 1367, 9, 296),
(18246036, 1354, 13, 403),
(18246141, 1340, 20, 630),
(18246345, 1367, 6, 193),
(18248862, 1351, 8, 257),
(18249099, 1357, 12, 377),
(18249624, 1368, 14, 427),
(18249929, 1365, 7, 211),
(18250765, 1363, 4, 122),
(18250777, 1359, 21, 653),
(18254442, 1364, 18, 576),
(18261193, 1340, 19, 603),
(18265597, 1365, 17, 527),
(18268125, 1356, 10, 316),
(18274169, 1353, 19, 612),
(18274289, 1366, 12, 387),
(18274663, 1351, 3, 83),
(18275479, 1367, 6, 186),
(18275803, 1353, 4, 132),
(18279272, 1363, 24, 34),
(18284811, 1355, 7, 236),
(18284991, 1368, 7, 223),
(18285296, 1351, 2, 50),
(18288311, 1368, 17, 548),
(18288362, 1357, 12, 379),
(18292351, 1366, 5, 169),
(18294609, 1349, 17, 541),
(18294668, 1354, 18, 578),
(18294764, 1364, 13, 416),
(18294828, 1361, 2, 79),
(18295265, 1359, 19, 611),
(18295315, 1353, 3, 87),
(18295326, 1368, 13, 412),
(18305347, 1341, 20, 625),
(18307656, 1354, 8, 241),
(18308111, 1367, 9, 276),
(18309666, 1361, 4, 139),
(18312969, 1367, 5, 146),
(18315761, 1367, 10, 317),
(18327421, 1368, 13, 419),
(18327863, 1368, 12, 393),
(18328770, 1367, 20, 647),
(18329001, 1363, 19, 600),
(18329827, 1355, 19, 593),
(18330267, 1355, 15, 470),
(18330693, 1340, 21, 660),
(18335842, 1365, 17, 524),
(18336111, 1349, 13, 405),
(18337569, 1357, 9, 284),
(18338391, 1362, 20, 640),
(18338395, 1352, 20, 635),
(18340028, 1363, 4, 118),
(18341286, 1340, 21, 663),
(18341653, 1361, 4, 114),
(18341743, 1363, 8, 253),
(18342567, 1363, 3, 108),
(18346533, 1359, 20, 626),
(18347697, 1365, 13, 395),
(18347713, 1351, 3, 107),
(18356443, 1369, 21, 661),
(18356633, 1349, 7, 215),
(18357572, 1365, 17, 540),
(18357887, 1341, 19, 609),
(18357979, 1340, 20, 616),
(18359163, 1366, 7, 233),
(18367010, 1362, 20, 638),
(18367419, 1363, 8, 239),
(18376895, 1357, 9, 277),
(18380556, 1365, 17, 526),
(18385290, 1349, 14, 440),
(18385486, 1366, 11, 334),
(18386833, 1356, 8, 265),
(18391447, 1363, 24, 44),
(18392241, 1353, 2, 64),
(18392766, 1354, 16, 492),
(18393718, 1364, 18, 556),
(18393893, 1356, 7, 229),
(18393904, 1362, 20, 637),
(18396748, 1361, 8, 246),
(18396873, 1352, 11, 344),
(18399834, 1361, 4, 119),
(18400199, 1340, 20, 615),
(18400231, 1368, 14, 443),
(18400529, 1367, 9, 295),
(18400574, 1349, 16, 510),
(18400679, 1368, 13, 415),
(18400868, 1365, 14, 428),
(18403415, 1361, 2, 82),
(18407664, 1349, 19, 584),
(18407860, 1352, 21, 658),
(18408118, 1367, 9, 280),
(18408247, 1367, 5, 172),
(18408715, 1362, 21, 652),
(18409297, 1367, 5, 155),
(18409882, 1366, 11, 350),
(18410519, 1367, 11, 339),
(18412114, 1365, 16, 512),
(18413525, 1366, 11, 364),
(18423704, 1365, 17, 532),
(18423940, 1367, 10, 322),
(18428666, 1368, 15, 488),
(18432885, 1357, 10, 332),
(18441538, 1367, 6, 191),
(18442863, 1359, 21, 668),
(18443416, 1367, 8, 263),
(18443486, 1367, 11, 359),
(18443650, 1368, 13, 399),
(18444640, 1369, 21, 654),
(18445709, 1357, 20, 627),
(18445916, 1361, 24, 18),
(18446046, 1361, 3, 93),
(18446302, 1357, 7, 220),
(18446600, 1366, 5, 177),
(18446687, 1365, 18, 570),
(18448463, 1340, 10, 320),
(18453599, 1363, 3, 89),
(18456004, 1356, 6, 198),
(18456189, 1366, 7, 218),
(18459423, 1361, 2, 63),
(18461148, 1367, 9, 288),
(18461509, 1349, 8, 270),
(18462516, 1365, 15, 465),
(18463268, 1340, 19, 614),
(18463304, 1365, 17, 534),
(18463362, 1368, 15, 475),
(18463427, 1356, 7, 232),
(18463516, 1354, 19, 586),
(18463555, 1361, 10, 311),
(18463642, 1366, 6, 183),
(18464318, 1365, 17, 523),
(18464398, 1365, 14, 431),
(18464516, 1367, 9, 293),
(18464550, 1366, 8, 244),
(18464651, 1364, 7, 208),
(18464857, 1368, 13, 401),
(18465091, 1364, 7, 209),
(18465280, 1364, 13, 422),
(18466029, 1365, 7, 234),
(18466137, 1349, 7, 219),
(18466157, 1367, 7, 213),
(18466583, 1367, 6, 187),
(18466906, 1369, 20, 634),
(18467295, 1367, 6, 180),
(18467359, 1363, 24, 28),
(18469328, 1364, 7, 238),
(18469846, 1354, 14, 434),
(18470675, 1366, 6, 201),
(18476134, 1367, 5, 150),
(18476694, 1367, 12, 370),
(18481032, 1367, 10, 319),
(18481647, 1366, 10, 329),
(18487411, 1367, 6, 190),
(18497475, 1367, 11, 342),
(18501598, 1361, 4, 116),
(18503027, 1367, 5, 164),
(18506774, 1367, 10, 312),
(18506857, 1367, 5, 168),
(18510450, 1367, 5, 158),
(18510695, 1361, 3, 90),
(18512364, 1355, 16, 500),
(18513640, 1365, 14, 456),
(18514511, 1340, 21, 673),
(18514618, 1341, 20, 632),
(18514640, 1363, 4, 123),
(18515107, 1363, 24, 32),
(18516162, 1367, 12, 369),
(18516974, 1363, 4, 141),
(18525978, 1368, 19, 605),
(18527600, 1365, 17, 542),
(18527846, 1367, 5, 154),
(18529319, 1354, 18, 561),
(18530379, 1354, 13, 413),
(18531319, 1367, 10, 304),
(18532106, 1364, 13, 420),
(18533478, 1365, 15, 473),
(18534759, 1367, 10, 307),
(18535107, 1364, 15, 466),
(18535120, 1361, 8, 245),
(18535288, 1365, 14, 438),
(18536915, 1362, 20, 648),
(18537519, 5367, 9, 299),
(18537738, 1367, 5, 165),
(18537795, 1355, 12, 383),
(18537853, 1368, 19, 587),
(18537895, 1363, 3, 84),
(18538133, 1364, 7, 228),
(18538269, 1367, 8, 268),
(18538688, 1369, 20, 629),
(18538814, 1365, 14, 448),
(18539020, 1368, 13, 424),
(18539300, 1368, 13, 418),
(18539785, 1341, 21, 671),
(18539817, 1367, 5, 152),
(18540883, 1367, 10, 315),
(18540933, 1365, 8, 266),
(18541666, 1366, 11, 353),
(18545239, 1356, 8, 262),
(18546013, 1365, 16, 519),
(18546785, 1354, 8, 261),
(18547022, 1359, 20, 644),
(18547234, 1351, 8, 260),
(18555799, 1368, 14, 447),
(18556466, 1368, 14, 435),
(18558513, 1357, 11, 366),
(18559399, 1362, 21, 665),
(18559480, 1367, 6, 181),
(18563228, 1367, 7, 212),
(18564086, 5368, 17, 533),
(18564527, 1361, 2, 51),
(18568890, 1361, 2, 61),
(18568902, 1363, 2, 70),
(18569206, 1367, 12, 376),
(18569208, 1354, 15, 483),
(18569255, 1351, 24, 29),
(18570056, 1364, 13, 406),
(18570131, 1365, 17, 554),
(18570771, 1367, 5, 174),
(18571229, 1354, 14, 451),
(18572587, 1367, 9, 290),
(18572886, 1368, 19, 598),
(18574750, 1365, 16, 496),
(18580447, 1353, 3, 99),
(18583773, 1365, 17, 549),
(18592716, 1367, 5, 171),
(18593420, 1368, 16, 521),
(18593576, 1365, 16, 509),
(18593649, 1363, 24, 23),
(18593890, 1365, 18, 572),
(18593900, 1363, 8, 255),
(18593908, 1367, 5, 166),
(18593928, 1341, 20, 643),
(18594110, 1365, 18, 567),
(18595674, 1364, 13, 396),
(18596444, 1355, 14, 450),
(18596589, 1354, 17, 555),
(18596646, 1365, 15, 467),
(18596929, 1369, 19, 595),
(18596960, 1365, 13, 397),
(18597041, 1367, 5, 163),
(18597490, 1363, 10, 303),
(18597580, 1368, 19, 592),
(18598910, 1365, 17, 539),
(18602566, 1363, 3, 96),
(18602828, 1361, 4, 113),
(18603462, 1364, 18, 565),
(18604111, 1340, 20, 619),
(18604666, 1369, 7, 235),
(18606032, 1353, 2, 54),
(18607874, 1340, 19, 597),
(18608817, 1340, 21, 662),
(18610231, 1364, 16, 504),
(18610994, 1351, 10, 318),
(18611117, 1356, 11, 352),
(18611270, 1368, 15, 480),
(18611466, 1367, 9, 287),
(18612001, 1368, 15, 487),
(18612802, 1353, 2, 53),
(18613686, 1366, 18, 568),
(18620918, 1354, 12, 390),
(18621044, 1364, 16, 495),
(18622469, 1368, 14, 442),
(18623346, 1363, 2, 75),
(18623613, 1361, 10, 306),
(18623728, 1364, 13, 425),
(18624069, 1349, 15, 474),
(18624317, 1366, 11, 340),
(18625387, 1365, 13, 407),
(18626012, 1363, 3, 86),
(18626108, 1365, 15, 463),
(18626683, 1367, 9, 294),
(18627168, 1367, 10, 328),
(18627178, 1368, 16, 498),
(18629513, 1367, 7, 222),
(18634721, 1365, 14, 461),
(18634928, 1367, 9, 301),
(18635758, 1349, 15, 469),
(18636154, 1363, 2, 55),
(18636518, 1367, 10, 327),
(18636594, 1367, 6, 203),
(18636717, 1340, 21, 666),
(18636952, 1361, 3, 95),
(18637189, 1341, 20, 646),
(18637231, 1367, 9, 282),
(18638343, 1363, 24, 19),
(18638423, 1361, 4, 131),
(18638534, 1365, 13, 402),
(18638613, 1367, 9, 275),
(18638671, 1365, 17, 550),
(18638705, 1355, 16, 513),
(18638870, 1368, 16, 520),
(18638972, 1351, 8, 251),
(18640035, 1363, 2, 68),
(18640249, 1367, 5, 145),
(18641032, 1353, 8, 272),
(18641483, 1359, 19, 589),
(18643028, 1361, 3, 110),
(18645386, 1340, 20, 645),
(18654746, 1354, 16, 508),
(18655384, 1367, 5, 157),
(18660903, 1367, 9, 300),
(18661076, 1364, 16, 497),
(18661211, 1365, 14, 430),
(18661549, 1367, 7, 224),
(18661571, 1352, 11, 335),
(18661624, 1367, 11, 363),
(18661884, 1355, 16, 515),
(18662071, 1354, 16, 493),
(18662083, 1361, 4, 112),
(18662203, 1363, 4, 133),
(18662646, 1367, 11, 347),
(18662861, 1365, 15, 482),
(18662925, 1367, 9, 286),
(18663027, 1368, 14, 436),
(18663364, 1369, 20, 617),
(18663701, 1365, 18, 581),
(18664043, 1366, 8, 248),
(18664162, 1364, 7, 225),
(18664576, 1366, 5, 175),
(18664641, 1363, 2, 77),
(18664656, 1353, 4, 128),
(18665010, 1359, 21, 655),
(18665371, 1357, 6, 197),
(18665612, 1352, 19, 613),
(18665865, 1368, 13, 411),
(18665924, 1367, 7, 214),
(18665946, 1368, 13, 426),
(18666170, 1367, 6, 192),
(18666677, 1365, 16, 494),
(18666692, 1353, 24, 41),
(18667544, 1357, 12, 368),
(18667939, 1368, 15, 481),
(18668706, 1365, 15, 484),
(18668795, 1349, 8, 250),
(18670526, 1354, 16, 501),
(18672573, 1361, 24, 35),
(18673596, 1367, 7, 210),
(18674827, 1367, 6, 202),
(18688767, 1367, 6, 178),
(18693342, 1363, 2, 76),
(18694886, 1365, 18, 577),
(18706850, 1355, 18, 564),
(18707709, 1367, 12, 372),
(18707734, 1368, 15, 462),
(18710293, 1361, 24, 30),
(18717359, 1367, 12, 382),
(18719535, 1367, 5, 161),
(18720109, 1367, 5, 147),
(18725331, 1367, 11, 337),
(18730267, 1349, 8, 256),
(18730851, 1355, 13, 410),
(18730904, 1361, 4, 136),
(18731401, 1365, 16, 507),
(18736833, 1351, 4, 135),
(18736893, 1365, 17, 525),
(18736926, 1367, 7, 231),
(18737710, 1365, 17, 545),
(18738270, 1369, 21, 651),
(18738479, 1357, 7, 221),
(18738587, 1366, 9, 285),
(18738691, 1361, 2, 58),
(18747616, 1367, 6, 194),
(18747860, 1351, 24, 40),
(18748661, 1366, 12, 384),
(18748956, 1359, 21, 656),
(18754631, 1341, 20, 621),
(18755945, 1353, 11, 345),
(18756867, 1367, 12, 374),
(18765662, 1364, 16, 502),
(18766564, 1367, 10, 326),
(18782120, 1367, 12, 380),
(18794263, 1367, 11, 346),
(18794528, 1364, 18, 574),
(18795655, 1361, 2, 60),
(18798410, 1367, 9, 297),
(18801213, 1368, 14, 432),
(18807576, 1368, 16, 505),
(18828853, 1351, 2, 57),
(18829874, 1367, 5, 144),
(18829921, 1364, 13, 400),
(18830359, 1354, 15, 477),
(18830395, 1351, 2, 80),
(18835076, 1365, 14, 452),
(18835965, 1368, 15, 489),
(18836025, 1368, 15, 472),
(18836079, 1367, 9, 298),
(18836292, 1368, 18, 559),
(18839681, 1368, 16, 490),
(18839816, 1355, 14, 429),
(18840818, 1361, 3, 109),
(18847934, 1363, 24, 46),
(18861821, 1363, 2, 66),
(18861907, 1368, 14, 445),
(18862571, 1368, 12, 394),
(18868747, 1367, 9, 274),
(18879079, 1368, 16, 511),
(18881820, 1363, 24, 20),
(18907715, 1353, 24, 17),
(18909080, 1353, 24, 25),
(18911481, 1368, 13, 417),
(18913090, 1367, 6, 179),
(18928956, 1361, 2, 59),
(18936791, 1365, 13, 423),
(18950489, 1364, 7, 227),
(18953634, 1361, 4, 137),
(18955033, 1368, 14, 454),
(18975212, 1363, 8, 247),
(18977923, 1363, 2, 56),
(18988215, 1365, 15, 464),
(18990382, 1365, 15, 486),
(18992158, 1363, 4, 140),
(19002843, 1361, 2, 78),
(19004593, 1368, 15, 479),
(19022489, 1364, 13, 408),
(19031346, 1364, 14, 439),
(19031762, 1363, 24, 22),
(19035503, 1368, 16, 518),
(19457124, 1365, 15, 485),
(19654902, 1356, 11, 357),
(19655613, 1367, 5, 148),
(19656488, 1349, 12, 371),
(20683721, 1364, 14, 458),
(21480019, 1367, 5, 143),
(21739194, 1363, 8, 259),
(22228667, 1367, 7, 216),
(22507657, 1365, 17, 544),
(23026265, 1355, 14, 444);


--
-- Volcado de datos para la tabla `evaluacion`
--
INSERT INTO `evaluacion` (`ID_EVALUACION`, `ID_MODULO_TEM`) VALUES
(3, 3),
(4, 4),
(5, 5);




--
-- Volcado de datos para la tabla `implemento`
--
INSERT INTO `implemento` (`ID_IMPLEMENTO`, `NOMBRE_IMPLEMENTO`, `DESCRIPCION_IMPLEMENTO`) VALUES
(1, 'Proyector', NULL),
(2, 'Computadores', 'Computadores disponibles para que los estudiantes ');

--
-- Volcado de datos para la tabla `implementos_modulo_tematico`
--
INSERT INTO `implementos_modulo_tematico` (`ID_IMPLEMENTO`, `ID_MODULO_TEM`) VALUES
(1, 3),
(1, 4),
(1, 5);


--
-- Volcado de datos para la tabla `planificacion_clase`
--
INSERT INTO `planificacion_clase` (`ID_PLANIFICACION_CLASE`, `ID_SESION`, `ID_SALA`, `ID_AYU_PROFE`, `ID_SECCION`, `FECHA_PLANIFICADA`, `NUM_SESION_SECCION`) VALUES
(5, 7, 6, 7, 24, '2013-10-09', 1),
(6, 8, 6, 7, 24, '2013-10-16', 2),
(7, 9, 6, 7, 24, '2013-10-23', 3),
(8, 10, 6, 7, 24, '2013-10-30', 4),
(9, 11, 6, 7, 24, '2013-11-06', 5),
(10, 17, 6, 8, 24, '2013-11-13', 6),
(11, 18, 6, 8, 24, '2013-11-20', 7),
(12, 19, 6, 8, 24, '2013-11-27', 8),
(13, 20, 6, 8, 24, '2013-12-04', 9),
(14, 21, 6, 8, 24, '2013-12-11', 10),
(15, 12, 7, 9, 2, '2013-10-09', 1),
(16, 13, 7, 9, 2, '2013-10-16', 2),
(17, 14, 7, 9, 2, '2013-10-23', 3),
(18, 15, 7, 9, 2, '2013-10-30', 4),
(19, 16, 7, 9, 2, '2013-11-06', 5),
(20, 7, 7, 7, 2, '2013-11-13', 6),
(21, 8, 7, 7, 2, '2013-11-20', 7),
(22, 9, 7, 7, 2, '2013-11-27', 8),
(23, 10, 7, 7, 2, '2013-12-04', 9),
(24, 11, 7, 7, 2, '2013-12-11', 10),
(25, 12, 6, 9, 24, '2013-12-18', 11),
(26, 13, 6, 9, 24, '2013-12-25', 12),
(27, 14, 6, 9, 24, '2014-01-01', 13),
(28, 15, 6, 9, 24, '2014-01-08', 14),
(29, 16, 6, 9, 24, '2014-01-15', 15),
(30, 17, 7, 8, 2, '2013-12-18', 11),
(31, 18, 7, 8, 2, '2013-12-25', 12),
(32, 19, 7, 8, 2, '2014-01-01', 13),
(33, 20, 7, 8, 2, '2014-01-08', 14),
(34, 21, 7, 8, 2, '2014-01-15', 15),
(35, 17, 7, 8, 3, '2013-10-09', 1),
(36, 18, 7, 8, 3, '2013-10-16', 2),
(37, 19, 7, 8, 3, '2013-10-23', 3),
(38, 20, 7, 8, 3, '2013-10-30', 4),
(39, 21, 7, 8, 3, '2013-11-06', 5),
(40, 12, 7, 9, 3, '2013-11-13', 6),
(41, 13, 7, 9, 3, '2013-11-20', 7),
(42, 14, 7, 9, 3, '2013-11-27', 8),
(43, 15, 7, 9, 3, '2013-12-04', 9),
(44, 16, 7, 9, 3, '2013-12-11', 10),
(45, 7, 7, 7, 3, '2013-12-18', 11),
(46, 8, 7, 7, 3, '2013-12-25', 12),
(47, 9, 7, 7, 3, '2014-01-01', 13),
(48, 10, 7, 7, 3, '2014-01-08', 14),
(49, 11, 7, 7, 3, '2014-01-15', 15),
(50, 7, 7, 10, 4, '2013-10-10', 1),
(51, 8, 7, 10, 4, '2013-10-17', 2),
(52, 9, 7, 10, 4, '2013-10-24', 3),
(53, 10, 7, 10, 4, '2013-10-31', 4),
(54, 11, 7, 10, 4, '2013-11-07', 5),
(55, 17, 7, 8, 4, '2013-11-14', 6),
(56, 18, 7, 8, 4, '2013-11-21', 7),
(57, 19, 7, 8, 4, '2013-11-28', 8),
(58, 20, 7, 8, 4, '2013-12-05', 9),
(59, 21, 7, 8, 4, '2013-12-12', 10),
(60, 12, 7, 11, 4, '2013-12-19', 11),
(61, 13, 7, 11, 4, '2013-12-26', 12),
(62, 14, 7, 11, 4, '2014-01-02', 13),
(63, 15, 7, 11, 4, '2014-01-09', 14),
(64, 16, 7, 11, 4, '2014-01-16', 15),
(65, 12, 7, 11, 5, '2013-10-10', 1),
(66, 13, 7, 11, 5, '2013-10-17', 2),
(67, 14, 7, 11, 5, '2013-10-24', 3),
(68, 15, 7, 11, 5, '2013-10-31', 4),
(69, 16, 7, 11, 5, '2013-11-07', 5),
(70, 7, 7, 10, 5, '2013-11-14', 6),
(71, 8, 7, 10, 5, '2013-11-21', 7),
(72, 9, 7, 10, 5, '2013-11-28', 8),
(73, 10, 7, 10, 5, '2013-12-05', 9),
(74, 11, 7, 10, 5, '2013-12-12', 10),
(75, 17, 7, 8, 5, '2013-12-19', 11),
(76, 18, 7, 8, 5, '2013-12-26', 12),
(77, 19, 7, 8, 5, '2014-01-02', 13),
(78, 20, 7, 8, 5, '2014-01-09', 14),
(79, 21, 7, 8, 5, '2014-01-16', 15),
(80, 17, 7, 12, 6, '2013-10-10', 1),
(81, 18, 7, 12, 6, '2013-10-17', 2),
(82, 19, 7, 12, 6, '2013-10-24', 3),
(83, 20, 7, 12, 6, '2013-10-31', 4),
(84, 21, 7, 12, 6, '2013-11-07', 5),
(85, 12, 7, 11, 6, '2013-11-14', 6),
(86, 13, 7, 11, 6, '2013-11-21', 7),
(87, 14, 7, 11, 6, '2013-11-28', 8),
(88, 15, 7, 11, 6, '2013-12-05', 9),
(89, 16, 7, 11, 6, '2013-12-12', 10),
(90, 7, 7, 13, 6, '2013-12-19', 11),
(91, 8, 7, 13, 6, '2013-12-26', 12),
(92, 9, 7, 13, 6, '2014-01-02', 13),
(93, 10, 7, 13, 6, '2014-01-09', 14),
(94, 11, 7, 13, 6, '2014-01-16', 15),
(95, 7, 7, 13, 7, '2013-10-10', 1),
(96, 8, 7, 13, 7, '2013-10-17', 2),
(97, 9, 7, 13, 7, '2013-10-24', 3),
(98, 10, 7, 13, 7, '2013-10-31', 4),
(99, 11, 7, 13, 7, '2013-11-07', 5),
(100, 17, 7, 12, 7, '2013-11-14', 6),
(101, 18, 7, 12, 7, '2013-11-21', 7),
(102, 19, 7, 12, 7, '2013-11-28', 8),
(103, 20, 7, 12, 7, '2013-12-05', 9),
(104, 21, 7, 12, 7, '2013-12-12', 10),
(105, 12, 7, 14, 7, '2013-12-19', 11),
(106, 13, 7, 14, 7, '2013-12-26', 12),
(107, 14, 7, 14, 7, '2014-01-02', 13),
(108, 15, 7, 14, 7, '2014-01-09', 14),
(109, 16, 7, 14, 7, '2014-01-16', 15),
(110, 12, 7, 14, 8, '2013-10-10', 1),
(111, 13, 7, 14, 8, '2013-10-17', 2),
(112, 14, 7, 14, 8, '2013-10-24', 3),
(113, 15, 7, 14, 8, '2013-10-31', 4),
(114, 16, 7, 14, 8, '2013-11-07', 5),
(115, 7, 7, 13, 8, '2013-11-14', 6),
(116, 8, 7, 13, 8, '2013-11-21', 7),
(117, 9, 7, 13, 8, '2013-11-28', 8),
(118, 10, 7, 13, 8, '2013-12-05', 9),
(119, 11, 7, 13, 8, '2013-12-12', 10),
(120, 17, 7, 12, 8, '2013-12-19', 11),
(121, 18, 7, 12, 8, '2013-12-26', 12),
(122, 19, 7, 12, 8, '2014-01-02', 13),
(123, 20, 7, 12, 8, '2014-01-09', 14),
(124, 21, 7, 12, 8, '2014-01-16', 15),
(125, 17, 7, 12, 9, '2013-10-10', 1),
(126, 18, 7, 12, 9, '2013-10-17', 2),
(127, 19, 7, 12, 9, '2013-10-24', 3),
(128, 20, 7, 12, 9, '2013-10-31', 4),
(129, 21, 7, 12, 9, '2013-11-07', 5),
(130, 12, 7, 14, 9, '2013-11-14', 6),
(131, 13, 7, 14, 9, '2013-11-21', 7),
(132, 14, 7, 14, 9, '2013-11-28', 8),
(133, 15, 7, 14, 9, '2013-12-05', 9),
(134, 16, 7, 14, 9, '2013-12-12', 10),
(135, 7, 7, 10, 9, '2013-12-19', 11),
(136, 8, 7, 10, 9, '2013-12-26', 12),
(137, 9, 7, 10, 9, '2014-01-02', 13),
(138, 10, 7, 10, 9, '2014-01-09', 14),
(139, 11, 7, 10, 9, '2014-01-16', 15),
(140, 7, 7, 13, 10, '2013-10-10', 1),
(141, 8, 7, 13, 10, '2013-10-17', 2),
(142, 9, 7, 13, 10, '2013-10-24', 3),
(143, 10, 7, 13, 10, '2013-10-31', 4),
(144, 11, 7, 13, 10, '2013-11-07', 5),
(145, 17, 7, 12, 10, '2013-11-14', 6),
(146, 18, 7, 12, 10, '2013-11-21', 7),
(147, 19, 7, 12, 10, '2013-11-28', 8),
(148, 20, 7, 12, 10, '2013-12-05', 9),
(149, 21, 7, 12, 10, '2013-12-12', 10),
(150, 12, 7, 14, 10, '2013-12-19', 11),
(151, 13, 7, 14, 10, '2013-12-26', 12),
(152, 14, 7, 14, 10, '2014-01-02', 13),
(153, 15, 7, 14, 10, '2014-01-09', 14),
(154, 16, 7, 14, 10, '2014-01-16', 15),
(155, 12, 7, 14, 11, '2013-10-10', 1),
(156, 13, 7, 14, 11, '2013-10-17', 2),
(157, 14, 7, 14, 11, '2013-10-24', 3),
(158, 15, 7, 14, 11, '2013-10-31', 4),
(159, 16, 7, 14, 11, '2013-11-07', 5),
(160, 7, 7, 13, 11, '2013-11-14', 6),
(161, 8, 7, 13, 11, '2013-11-21', 7),
(162, 9, 7, 13, 11, '2013-11-28', 8),
(163, 10, 7, 13, 11, '2013-12-05', 9),
(164, 11, 7, 13, 11, '2013-12-12', 10),
(165, 17, 7, 12, 11, '2013-12-19', 11),
(166, 18, 7, 12, 11, '2013-12-26', 12),
(167, 19, 7, 12, 11, '2014-01-02', 13),
(168, 20, 7, 12, 11, '2014-01-09', 14),
(169, 21, 7, 12, 11, '2014-01-16', 15),
(170, 17, 7, 8, 12, '2013-10-10', 1),
(171, 18, 7, 8, 12, '2013-10-17', 2),
(172, 19, 7, 8, 12, '2013-10-24', 3),
(173, 20, 7, 8, 12, '2013-10-31', 4),
(174, 21, 7, 8, 12, '2013-11-07', 5),
(175, 12, 7, 14, 12, '2013-11-14', 6),
(176, 13, 7, 14, 12, '2013-11-21', 7),
(177, 14, 7, 14, 12, '2013-11-28', 8),
(178, 15, 7, 14, 12, '2013-12-05', 9),
(179, 16, 7, 14, 12, '2013-12-12', 10),
(180, 7, 7, 13, 12, '2013-12-19', 11),
(181, 8, 7, 13, 12, '2013-12-26', 12),
(182, 9, 7, 13, 12, '2014-01-02', 13),
(183, 10, 7, 13, 12, '2014-01-09', 14),
(184, 11, 7, 13, 12, '2014-01-16', 15),
(185, 7, 7, 10, 13, '2013-10-09', 1),
(186, 8, 7, 10, 13, '2013-10-16', 2),
(187, 9, 7, 10, 13, '2013-10-23', 3),
(188, 10, 7, 10, 13, '2013-10-30', 4),
(189, 11, 7, 10, 13, '2013-11-06', 5),
(190, 17, 7, 16, 13, '2013-11-13', 6),
(191, 18, 7, 16, 13, '2013-11-20', 7),
(192, 19, 7, 16, 13, '2013-11-27', 8),
(193, 20, 7, 16, 13, '2013-12-04', 9),
(194, 21, 7, 16, 13, '2013-12-11', 10),
(195, 12, 7, 15, 13, '2013-12-18', 11),
(196, 13, 7, 15, 13, '2013-12-25', 12),
(197, 14, 7, 15, 13, '2014-01-01', 13),
(198, 15, 7, 15, 13, '2014-01-08', 14),
(199, 16, 7, 15, 14, '2014-01-15', 15),
(200, 12, 7, 15, 13, '2013-10-09', 1),
(201, 13, 7, 15, 14, '2013-10-16', 2),
(202, 14, 7, 15, 14, '2013-10-23', 3),
(203, 15, 7, 15, 14, '2013-10-30', 4),
(204, 16, 7, 15, 14, '2013-11-06', 5),
(205, 7, 7, 10, 14, '2013-11-13', 6),
(206, 8, 7, 10, 14, '2013-11-20', 7),
(207, 9, 7, 10, 14, '2013-11-27', 8),
(208, 10, 7, 10, 14, '2013-12-04', 9),
(209, 11, 7, 10, 14, '2013-12-11', 10),
(210, 17, 7, 16, 14, '2013-12-18', 11),
(211, 18, 7, 16, 14, '2013-12-25', 12),
(212, 19, 7, 16, 14, '2014-01-01', 13),
(213, 20, 7, 16, 14, '2014-01-08', 14),
(214, 21, 7, 16, 14, '2014-01-15', 15),
(215, 17, 7, 16, 15, '2013-10-09', 1),
(216, 18, 7, 16, 15, '2013-10-16', 2),
(217, 19, 7, 16, 15, '2013-10-23', 3),
(218, 20, 7, 16, 15, '2013-10-30', 4),
(219, 21, 7, 16, 15, '2013-11-06', 5),
(220, 12, 7, 15, 15, '2013-11-13', 6),
(221, 13, 7, 15, 15, '2013-11-20', 7),
(222, 14, 7, 15, 15, '2013-11-27', 8),
(223, 15, 7, 15, 15, '2013-12-04', 9),
(224, 16, 7, 15, 15, '2013-12-11', 10),
(225, 7, 7, 10, 15, '2013-12-18', 11),
(226, 8, 7, 10, 15, '2013-12-25', 12),
(227, 9, 7, 10, 15, '2014-01-01', 13),
(228, 10, 7, 10, 15, '2014-01-08', 14),
(229, 11, 7, 10, 15, '2014-01-15', 15),
(230, 7, 7, 13, 16, '2013-10-09', 1),
(231, 8, 7, 13, 16, '2013-10-16', 2),
(232, 9, 7, 13, 16, '2013-10-23', 3),
(233, 10, 7, 13, 16, '2013-10-30', 4),
(234, 11, 7, 13, 16, '2013-11-06', 5),
(235, 17, 7, 17, 16, '2013-11-13', 6),
(236, 18, 7, 17, 16, '2013-11-20', 7),
(237, 19, 7, 17, 16, '2013-11-27', 8),
(238, 20, 7, 17, 16, '2013-12-04', 9),
(239, 21, 7, 17, 16, '2013-12-11', 10),
(240, 12, 7, 18, 16, '2013-12-18', 11),
(241, 13, 7, 18, 16, '2013-12-25', 12),
(242, 14, 7, 18, 16, '2014-01-01', 13),
(243, 15, 7, 18, 16, '2014-01-08', 14),
(244, 16, 7, 18, 16, '2014-01-15', 15),
(245, 12, 7, 15, 17, '2013-10-09', 1),
(246, 13, 7, 15, 17, '2013-10-16', 2),
(247, 14, 7, 15, 17, '2013-10-23', 3),
(248, 15, 7, 15, 17, '2013-10-30', 4),
(249, 16, 7, 15, 17, '2013-11-06', 5),
(250, 7, 7, 13, 17, '2013-11-13', 6),
(251, 8, 7, 13, 17, '2013-11-20', 7),
(252, 9, 7, 13, 17, '2013-11-27', 8),
(253, 10, 7, 13, 17, '2013-12-04', 9),
(254, 11, 7, 13, 17, '2013-12-11', 10),
(255, 17, 7, 17, 17, '2013-12-18', 11),
(256, 18, 7, 17, 17, '2013-12-25', 12),
(257, 19, 7, 17, 17, '2014-01-01', 13),
(258, 20, 7, 17, 17, '2014-01-08', 14),
(259, 21, 7, 17, 17, '2014-01-15', 15),
(260, 17, 7, 17, 18, '2013-10-09', 1),
(261, 18, 7, 17, 18, '2013-10-16', 2),
(262, 19, 7, 17, 18, '2013-10-23', 3),
(263, 20, 7, 17, 18, '2013-10-30', 4),
(264, 21, 7, 17, 18, '2013-11-06', 5),
(265, 12, 7, 15, 18, '2013-11-13', 6),
(266, 13, 7, 15, 18, '2013-11-20', 7),
(267, 14, 7, 15, 18, '2013-11-27', 8),
(268, 15, 7, 15, 18, '2013-12-04', 9),
(269, 16, 7, 15, 18, '2013-12-11', 10),
(270, 7, 7, 13, 18, '2013-12-18', 11),
(271, 8, 7, 13, 18, '2013-12-25', 12),
(272, 9, 7, 13, 18, '2014-01-01', 13),
(273, 10, 7, 13, 18, '2014-01-08', 14),
(274, 11, 7, 13, 18, '2014-01-15', 15),
(275, 7, 7, 13, 19, '2013-10-09', 1),
(276, 8, 7, 13, 19, '2013-10-16', 2),
(277, 9, 7, 13, 19, '2013-10-23', 3),
(278, 10, 7, 13, 19, '2013-10-30', 4),
(279, 11, 7, 13, 19, '2013-11-06', 5),
(280, 17, 7, 17, 19, '2013-11-13', 6),
(281, 18, 7, 17, 19, '2013-11-20', 7),
(282, 19, 7, 17, 19, '2013-11-27', 8),
(283, 20, 7, 17, 19, '2013-12-04', 9),
(284, 21, 7, 17, 19, '2013-12-11', 10),
(285, 12, 7, 15, 19, '2013-12-18', 11),
(286, 13, 7, 15, 19, '2013-12-25', 12),
(287, 14, 7, 15, 19, '2014-01-01', 13),
(288, 15, 7, 15, 19, '2014-01-08', 14),
(289, 16, 7, 15, 19, '2014-01-15', 15),
(290, 12, 7, 18, 20, '2013-10-10', 1),
(291, 13, 7, 18, 20, '2013-10-17', 2),
(292, 14, 7, 18, 20, '2013-10-24', 3),
(293, 15, 7, 18, 20, '2013-10-31', 4),
(294, 16, 7, 18, 20, '2013-11-07', 5),
(295, 7, 7, 13, 20, '2013-11-14', 6),
(296, 8, 7, 13, 20, '2013-11-21', 7),
(297, 9, 7, 13, 20, '2013-11-28', 8),
(298, 10, 7, 13, 20, '2013-12-05', 9),
(299, 11, 7, 13, 20, '2013-12-12', 10),
(300, 17, 7, 17, 20, '2013-12-19', 11),
(301, 18, 7, 17, 20, '2013-12-26', 12),
(302, 19, 7, 17, 20, '2014-01-02', 13),
(303, 20, 7, 17, 20, '2014-01-09', 14),
(304, 21, 7, 17, 20, '2014-01-16', 15),
(305, 17, 7, 17, 21, '2013-10-10', 1),
(306, 18, 7, 17, 21, '2013-10-17', 2),
(307, 19, 7, 17, 21, '2013-10-24', 3),
(308, 20, 7, 17, 21, '2013-10-31', 4),
(309, 21, 7, 17, 21, '2013-11-07', 5),
(310, 12, 7, 18, 21, '2013-11-14', 6),
(311, 13, 7, 18, 21, '2013-11-21', 7),
(312, 14, 7, 18, 21, '2013-11-28', 8),
(313, 15, 7, 18, 21, '2013-12-05', 9),
(314, 16, 7, 18, 21, '2013-12-12', 10),
(315, 7, 7, 13, 21, '2013-12-19', 11),
(316, 8, 7, 13, 21, '2013-12-26', 12),
(317, 9, 7, 13, 21, '2014-01-02', 13),
(318, 10, 7, 13, 21, '2014-01-09', 14),
(319, 11, 7, 13, 21, '2014-01-16', 15);


COMMIT;

/*!40101 SET CHARACTER_SET_CLIENT=@OLD_CHARACTER_SET_CLIENT */;
/*!40101 SET CHARACTER_SET_RESULTS=@OLD_CHARACTER_SET_RESULTS */;
/*!40101 SET COLLATION_CONNECTION=@OLD_COLLATION_CONNECTION */;
